Image name,TagLab Id,TagLab Type,TagLab Date,TagLab Class name,TagLab Genet Id,TagLab Centroid x,TagLab Centroid y,TagLab Area,TagLab Surf. area,TagLab Perimeter,TagLab Note
Plot18_2019_IMAGE.tif,0,Region,2019-01-01,Pocillopora,100,7592.6,242.4,945.02,2138.6,144.4,
Plot18_2019_IMAGE.tif,1,Region,2019-01-01,Pocillopora_dead,0,7190.9,179.6,315.25,715.48,87.5,
Plot18_2019_IMAGE.tif,2,Region,2019-01-01,Pocillopora,2,6067.4,253.2,312.9,628.11,90.1,
Plot18_2019_IMAGE.tif,3,Region,2019-01-01,Pocillopora_dead,814,5704.1,201.2,339.44,686.24,86.2,
Plot18_2019_IMAGE.tif,4,Region,2019-01-01,Pocillopora,1,5197.9,257.4,297.62,565.03,79.4,
Plot18_2019_IMAGE.tif,6,Region,2019-01-01,Pocillopora_dead,815,4602.9,281.0,560.83,986.51,109.2,
Plot18_2019_IMAGE.tif,7,Region,2019-01-01,Pocillopora,3,7933.3,225.3,105.97,231.65,52.3,
Plot18_2019_IMAGE.tif,8,Region,2019-01-01,Pocillopora_dead,814,6354.2,396.6,416.73,778.64,93.8,
Plot18_2019_IMAGE.tif,9,Region,2019-01-01,Pocillopora,14,1425.8,392.8,217.12,401.08,107.3,
Plot18_2019_IMAGE.tif,10,Region,2019-01-01,Pocillopora_dead,632,1787.4,454.7,651.65,1248.5,125.5,
Plot18_2019_IMAGE.tif,11,Region,2019-01-01,Pocillopora,9,2633.3,350.6,144.89,275.48,54.3,
Plot18_2019_IMAGE.tif,12,Region,2019-01-01,Pocillopora_dead,815,4328.0,404.8,231.58,393.74,68.5,
Plot18_2019_IMAGE.tif,13,Region,2019-01-01,Pocillopora,8,461.4,387.6,245.73,478.04,84.1,
Plot18_2019_IMAGE.tif,14,Region,2019-01-01,Pocillopora_dead,816,5427.7,510.6,510.28,1026.06,103.1,
Plot18_2019_IMAGE.tif,15,Region,2019-01-01,Pocillopora,13,2137.7,480.5,406.8,778.94,139.2,
Plot18_2019_IMAGE.tif,16,Region,2019-01-01,Pocillopora,12,908.4,335.4,46.48,76.66,39.8,
Plot18_2019_IMAGE.tif,17,Region,2019-01-01,Pocillopora,10,5706.1,367.4,53.0,91.11,32.0,
Plot18_2019_IMAGE.tif,18,Region,2019-01-01,Pocillopora_dead,632,1349.8,420.9,80.1,132.41,51.7,
Plot18_2019_IMAGE.tif,19,Region,2019-01-01,Pocillopora_dead,632,1191.0,446.5,108.72,200.11,47.0,
Plot18_2019_IMAGE.tif,20,Region,2019-01-01,Pocillopora,21,5815.4,429.2,79.78,129.82,38.1,
Plot18_2019_IMAGE.tif,21,Region,2019-01-01,Pocillopora,817,759.4,417.0,30.29,50.47,25.6,
Plot18_2019_IMAGE.tif,22,Region,2019-01-01,Pocillopora_dead,632,907.5,419.9,66.11,107.73,45.2,
Plot18_2019_IMAGE.tif,23,Region,2019-01-01,Pocillopora_dead,818,2536.6,506.5,226.96,430.23,70.9,
Plot18_2019_IMAGE.tif,24,Region,2019-01-01,Pocillopora,12,887.6,484.6,89.22,153.68,68.8,
Plot18_2019_IMAGE.tif,25,Region,2019-01-01,Pocillopora,20,7203.7,492.3,193.34,361.69,65.2,
Plot18_2019_IMAGE.tif,26,Region,2019-01-01,Pocillopora_dead,814,6004.1,592.3,495.67,989.12,103.7,
Plot18_2019_IMAGE.tif,27,Region,2019-01-01,Pocillopora_dead,0,6641.7,593.3,491.62,973.23,100.7,
Plot18_2019_IMAGE.tif,28,Region,2019-01-01,Pocillopora,24,6157.4,446.6,14.11,20.9,16.8,
Plot18_2019_IMAGE.tif,29,Region,2019-01-01,Pocillopora_dead,46,7629.5,641.2,477.25,853.4,108.8,
Plot18_2019_IMAGE.tif,30,Region,2019-01-01,Pocillopora,29,7411.6,577.1,189.06,365.65,73.4,
Plot18_2019_IMAGE.tif,31,Region,2019-01-01,Pocillopora_dead,46,7904.0,628.2,196.24,416.34,72.0,
Plot18_2019_IMAGE.tif,32,Region,2019-01-01,Pocillopora,30,4468.8,576.7,137.22,249.41,61.0,
Plot18_2019_IMAGE.tif,33,Region,2019-01-01,Pocillopora,35,5629.9,542.1,38.93,62.45,28.0,
Plot18_2019_IMAGE.tif,34,Region,2019-01-01,Pocillopora,37,4120.0,586.9,110.09,186.3,46.8,
Plot18_2019_IMAGE.tif,35,Region,2019-01-01,Pocillopora,36,690.3,613.0,204.34,383.27,68.1,
Plot18_2019_IMAGE.tif,36,Region,2019-01-01,Pocillopora,38,2987.5,711.1,780.61,1577.62,135.4,
Plot18_2019_IMAGE.tif,37,Region,2019-01-01,Pocillopora,596,131.4,641.3,72.72,137.2,80.3,
Plot18_2019_IMAGE.tif,38,Region,2019-01-01,Pocillopora,819,2376.9,592.5,37.69,58.15,31.0,
Plot18_2019_IMAGE.tif,39,Region,2019-01-01,Pocillopora,39,4245.5,578.9,22.97,33.45,20.6,
Plot18_2019_IMAGE.tif,41,Region,2019-01-01,Pocillopora_dead,820,142.7,625.9,49.21,77.41,33.7,
Plot18_2019_IMAGE.tif,42,Region,2019-01-01,Pocillopora,42,5182.6,816.5,542.06,1023.59,150.6,
Plot18_2019_IMAGE.tif,43,Region,2019-01-01,Pocillopora,44,4522.7,775.6,322.12,570.45,93.0,
Plot18_2019_IMAGE.tif,44,Region,2019-01-01,Pocillopora,43,1597.6,692.7,58.69,111.57,33.7,
Plot18_2019_IMAGE.tif,45,Region,2019-01-01,Pocillopora,49,6857.9,843.6,336.63,663.61,103.1,
Plot18_2019_IMAGE.tif,46,Region,2019-01-01,Pocillopora_dead,58,5699.2,836.7,340.77,652.64,90.6,
Plot18_2019_IMAGE.tif,47,Region,2019-01-01,Pocillopora,51,4818.5,888.4,334.72,585.33,108.3,
Plot18_2019_IMAGE.tif,48,Region,2019-01-01,Pocillopora,635,4083.8,812.1,177.77,300.07,62.2,
Plot18_2019_IMAGE.tif,49,Region,2019-01-01,Pocillopora,636,7957.4,868.5,225.79,474.21,87.8,
Plot18_2019_IMAGE.tif,50,Region,2019-01-01,Pocillopora,52,2059.1,831.5,171.84,289.16,61.0,
Plot18_2019_IMAGE.tif,51,Region,2019-01-01,Pocillopora,592,7815.3,796.9,74.98,142.35,37.7,
Plot18_2019_IMAGE.tif,52,Region,2019-01-01,Pocillopora_dead,821,5199.7,804.6,47.23,89.23,28.9,
Plot18_2019_IMAGE.tif,53,Region,2019-01-01,Pocillopora_dead,822,944.2,796.8,23.92,49.6,22.7,
Plot18_2019_IMAGE.tif,54,Region,2019-01-01,Pocillopora,47,7616.2,840.3,60.1,101.85,34.3,
Plot18_2019_IMAGE.tif,55,Region,2019-01-01,Pocillopora_dead,0,6685.7,831.9,50.79,92.3,34.6,
Plot18_2019_IMAGE.tif,56,Region,2019-01-01,Pocillopora_dead,58,4941.9,922.1,84.28,153.89,53.4,
Plot18_2019_IMAGE.tif,57,Region,2019-01-01,Pocillopora,55,523.8,827.0,21.86,40.67,20.8,
Plot18_2019_IMAGE.tif,58,Region,2019-01-01,Pocillopora,56,2540.9,903.3,182.46,359.36,67.6,
Plot18_2019_IMAGE.tif,59,Region,2019-01-01,Pocillopora_dead,823,573.6,893.4,59.95,87.32,40.9,
Plot18_2019_IMAGE.tif,60,Region,2019-01-01,Pocillopora,60,1370.7,941.3,223.8,401.01,72.7,
Plot18_2019_IMAGE.tif,61,Region,2019-01-01,Pocillopora,44,4311.3,880.8,42.89,68.05,28.8,
Plot18_2019_IMAGE.tif,62,Region,2019-01-01,Pocillopora,64,3869.8,949.6,260.49,539.87,90.7,
Plot18_2019_IMAGE.tif,63,Region,2019-01-01,Pocillopora_dead,46,7387.9,1037.5,441.61,856.63,100.6,
Plot18_2019_IMAGE.tif,64,Region,2019-01-01,Pocillopora,59,6314.0,925.5,104.25,180.92,47.6,
Plot18_2019_IMAGE.tif,65,Region,2019-01-01,Pocillopora,65,2185.8,926.2,31.29,53.38,25.9,
Plot18_2019_IMAGE.tif,66,Region,2019-01-01,Pocillopora_dead,46,7668.6,993.2,133.31,234.51,51.6,
Plot18_2019_IMAGE.tif,67,Region,2019-01-01,Pocillopora_dead,84,2416.1,1028.0,178.05,398.73,67.7,
Plot18_2019_IMAGE.tif,68,Region,2019-01-01,Pocillopora,55,501.1,947.6,34.36,52.21,27.1,
Plot18_2019_IMAGE.tif,69,Region,2019-01-01,Pocillopora,63,2934.2,983.0,163.02,313.52,59.1,
Plot18_2019_IMAGE.tif,70,Region,2019-01-01,Pocillopora,68,3297.7,1056.8,289.33,557.74,78.1,
Plot18_2019_IMAGE.tif,71,Region,2019-01-01,Pocillopora,66,4568.2,1050.9,261.59,464.83,78.0,
Plot18_2019_IMAGE.tif,72,Region,2019-01-01,Pocillopora_dead,58,5579.3,1078.8,362.49,712.38,105.1,
Plot18_2019_IMAGE.tif,73,Region,2019-01-01,Pocillopora,72,1636.2,1116.3,408.14,728.27,102.0,
Plot18_2019_IMAGE.tif,74,Region,2019-01-01,Pocillopora,71,2842.8,1193.9,344.45,670.27,105.0,
Plot18_2019_IMAGE.tif,75,Region,2019-01-01,Pocillopora_dead,58,3903.1,1121.2,221.6,397.95,78.6,
Plot18_2019_IMAGE.tif,76,Region,2019-01-01,Pocillopora_dead,58,3655.5,1115.2,116.55,238.66,53.5,
Plot18_2019_IMAGE.tif,77,Region,2019-01-01,Pocillopora_dead,645,8188.6,1076.0,78.41,152.39,37.5,
Plot18_2019_IMAGE.tif,78,Region,2019-01-01,Pocillopora_dead,58,5117.6,1176.8,398.35,779.12,96.3,
Plot18_2019_IMAGE.tif,79,Region,2019-01-01,Pocillopora,78,6826.0,1128.9,154.06,269.61,54.2,
Plot18_2019_IMAGE.tif,80,Region,2019-01-01,Pocillopora_dead,58,5883.4,1215.8,399.91,783.59,91.5,
Plot18_2019_IMAGE.tif,81,Region,2019-01-01,Pocillopora_dead,58,6229.5,1191.3,298.74,599.71,86.4,
Plot18_2019_IMAGE.tif,82,Region,2019-01-01,Pocillopora_dead,84,2565.1,1300.2,664.87,1153.28,124.5,
Plot18_2019_IMAGE.tif,83,Region,2019-01-01,Pocillopora_dead,90,1775.4,1265.6,277.4,529.31,104.6,
Plot18_2019_IMAGE.tif,84,Region,2019-01-01,Pocillopora_dead,645,8373.4,1140.0,72.55,133.74,48.3,
Plot18_2019_IMAGE.tif,85,Region,2019-01-01,Pocillopora,82,4909.4,1146.4,70.55,108.7,40.7,
Plot18_2019_IMAGE.tif,86,Region,2019-01-01,Pocillopora_dead,824,7035.5,1187.9,139.18,253.28,51.4,
Plot18_2019_IMAGE.tif,87,Region,2019-01-01,Pocillopora,81,1240.0,1190.9,167.92,278.81,63.5,
Plot18_2019_IMAGE.tif,88,Region,2019-01-01,Pocillopora,825,2194.3,1114.7,18.41,36.47,18.9,
Plot18_2019_IMAGE.tif,89,Region,2019-01-01,Pocillopora,77,8279.7,1176.8,66.24,139.61,43.0,
Plot18_2019_IMAGE.tif,90,Region,2019-01-01,Pocillopora_dead,46,7647.4,1230.9,172.61,360.23,58.6,
Plot18_2019_IMAGE.tif,91,Region,2019-01-01,Pocillopora_dead,58,4679.9,1267.6,285.88,564.13,91.7,
Plot18_2019_IMAGE.tif,92,Region,2019-01-01,Pocillopora_dead,90,1276.0,1434.6,925.5,1563.72,153.3,
Plot18_2019_IMAGE.tif,93,Region,2019-01-01,Pocillopora_dead,90,1067.4,1223.4,107.26,196.13,50.0,
Plot18_2019_IMAGE.tif,94,Region,2019-01-01,Pocillopora_dead,826,7256.4,1374.4,685.18,1221.62,121.1,
Plot18_2019_IMAGE.tif,95,Region,2019-01-01,Pocillopora,88,3247.8,1263.7,170.57,300.13,67.1,
Plot18_2019_IMAGE.tif,96,Region,2019-01-01,Pocillopora,64,3962.5,1235.1,20.27,35.5,21.7,
Plot18_2019_IMAGE.tif,97,Region,2019-01-01,Pocillopora_dead,58,5229.7,1409.0,466.72,842.88,106.3,
Plot18_2019_IMAGE.tif,98,Region,2019-01-01,Pocillopora,92,6506.4,1308.0,153.02,280.65,56.1,
Plot18_2019_IMAGE.tif,99,Region,2019-01-01,Pocillopora_dead,46,7518.8,1281.2,51.59,89.13,31.4,
Plot18_2019_IMAGE.tif,100,Region,2019-01-01,Pocillopora,94,6870.2,1349.3,234.46,420.63,68.9,
Plot18_2019_IMAGE.tif,101,Region,2019-01-01,Pocillopora,99,3536.2,1499.1,538.71,992.48,118.4,
Plot18_2019_IMAGE.tif,102,Region,2019-01-01,Pocillopora,89,5625.7,1429.3,394.87,686.11,92.3,
Plot18_2019_IMAGE.tif,103,Region,2019-01-01,Pocillopora,96,4315.3,1316.4,96.88,182.81,44.7,
Plot18_2019_IMAGE.tif,104,Region,2019-01-01,Pocillopora_dead,827,8183.4,1307.3,36.06,64.15,28.6,
Plot18_2019_IMAGE.tif,105,Region,2019-01-01,Pocillopora_dead,58,3841.6,1381.7,234.51,421.72,82.9,
Plot18_2019_IMAGE.tif,106,Region,2019-01-01,Pocillopora,828,5937.9,1382.9,100.82,228.28,58.9,
Plot18_2019_IMAGE.tif,107,Region,2019-01-01,Pocillopora,98,7726.4,1394.8,141.51,270.03,53.4,
Plot18_2019_IMAGE.tif,108,Region,2019-01-01,Acropora,494,6107.8,1367.2,73.7,110.4,50.7,
Plot18_2019_IMAGE.tif,109,Region,2019-01-01,Pocillopora_dead,655,7945.7,1382.5,41.11,85.7,29.9,
Plot18_2019_IMAGE.tif,110,Region,2019-01-01,Pocillopora,102,8249.2,1407.1,87.1,187.48,43.4,
Plot18_2019_IMAGE.tif,111,Region,2019-01-01,Pocillopora_dead,58,4845.6,1476.5,337.7,611.9,81.8,
Plot18_2019_IMAGE.tif,112,Region,2019-01-01,Pocillopora,829,4078.2,1371.2,32.34,52.75,39.9,
Plot18_2019_IMAGE.tif,113,Region,2019-01-01,Pocillopora_dead,655,8084.3,1410.0,61.41,112.41,34.4,
Plot18_2019_IMAGE.tif,114,Region,2019-01-01,Pocillopora,107,287.3,1439.8,108.45,218.8,48.0,
Plot18_2019_IMAGE.tif,115,Region,2019-01-01,Pocillopora_dead,58,4499.2,1531.8,291.52,549.1,80.3,
Plot18_2019_IMAGE.tif,116,Region,2019-01-01,Pocillopora,830,66.4,1382.1,19.55,37.85,19.9,
Plot18_2019_IMAGE.tif,117,Region,2019-01-01,Pocillopora_dead,58,4144.1,1603.0,845.03,1497.13,128.4,
Plot18_2019_IMAGE.tif,118,Region,2019-01-01,Pocillopora_dead,58,5420.3,1506.6,117.33,239.98,61.5,
Plot18_2019_IMAGE.tif,119,Region,2019-01-01,Pocillopora,108,6235.7,1454.5,164.56,348.92,65.2,
Plot18_2019_IMAGE.tif,120,Region,2019-01-01,Pocillopora_dead,655,7846.8,1435.0,38.89,73.32,28.1,
Plot18_2019_IMAGE.tif,121,Region,2019-01-01,Pocillopora,105,8390.4,1433.6,61.01,103.26,35.7,
Plot18_2019_IMAGE.tif,122,Region,2019-01-01,Pocillopora,116,1869.4,1520.3,309.32,569.12,82.9,
Plot18_2019_IMAGE.tif,123,Region,2019-01-01,Pocillopora_dead,90,732.3,1561.9,577.68,1105.84,123.4,
Plot18_2019_IMAGE.tif,124,Region,2019-01-01,Pocillopora,113,6428.0,1464.9,89.72,145.64,52.7,
Plot18_2019_IMAGE.tif,125,Region,2019-01-01,Pocillopora_dead,831,3004.3,1689.9,1012.21,2131.13,160.4,
Plot18_2019_IMAGE.tif,126,Region,2019-01-01,Pocillopora_dead,832,8342.9,1552.4,65.16,129.2,39.9,
Plot18_2019_IMAGE.tif,127,Region,2019-01-01,Pocillopora,122,2462.2,1625.4,275.18,475.95,83.5,
Plot18_2019_IMAGE.tif,128,Region,2019-01-01,Pocillopora,123,7627.9,1576.2,75.05,140.14,38.6,
Plot18_2019_IMAGE.tif,129,Region,2019-01-01,Pocillopora,118,5846.4,1631.6,157.21,270.05,54.5,
Plot18_2019_IMAGE.tif,130,Region,2019-01-01,Pocillopora,118,5960.1,1536.0,12.4,19.64,15.7,
Plot18_2019_IMAGE.tif,131,Region,2019-01-01,Pocillopora_dead,117,7368.3,1582.2,123.63,206.29,55.3,
Plot18_2019_IMAGE.tif,132,Region,2019-01-01,Pocillopora_dead,58,5996.5,1585.8,51.13,98.71,37.6,
Plot18_2019_IMAGE.tif,133,Region,2019-01-01,Pocillopora,130,2095.5,1608.7,76.59,128.15,43.3,
Plot18_2019_IMAGE.tif,134,Region,2019-01-01,Pocillopora,597,236.5,1719.2,368.18,649.22,89.6,
Plot18_2019_IMAGE.tif,135,Region,2019-01-01,Pocillopora_dead,58,5063.1,1791.7,740.87,1517.59,142.6,
Plot18_2019_IMAGE.tif,137,Region,2019-01-01,Pocillopora,131,3335.9,1661.7,59.71,98.17,38.1,
Plot18_2019_IMAGE.tif,138,Region,2019-01-01,Pocillopora,135,7734.6,1708.7,167.1,302.91,88.3,
Plot18_2019_IMAGE.tif,139,Region,2019-01-01,Pocillopora_dead,833,48.4,1672.9,32.16,51.71,34.8,
Plot18_2019_IMAGE.tif,140,Region,2019-01-01,Pocillopora,104,4715.1,1721.2,229.91,423.86,88.7,
Plot18_2019_IMAGE.tif,141,Region,2019-01-01,Pocillopora,118,5973.1,1652.4,13.39,23.63,19.7,
Plot18_2019_IMAGE.tif,142,Region,2019-01-01,Pocillopora,132,8067.7,1683.1,99.92,172.43,47.1,
Plot18_2019_IMAGE.tif,143,Region,2019-01-01,Pocillopora_dead,834,6826.9,1730.4,133.04,244.29,60.8,
Plot18_2019_IMAGE.tif,144,Region,2019-01-01,Pocillopora,138,1739.0,1766.8,255.02,457.28,80.0,
Plot18_2019_IMAGE.tif,145,Region,2019-01-01,Pocillopora,136,7424.8,1735.3,152.69,268.49,56.5,
Plot18_2019_IMAGE.tif,146,Region,2019-01-01,Pocillopora,664,8265.4,1726.1,85.67,167.57,41.3,
Plot18_2019_IMAGE.tif,147,Region,2019-01-01,Pocillopora,139,1946.8,1766.8,137.3,229.56,62.5,
Plot18_2019_IMAGE.tif,148,Region,2019-01-01,Pocillopora_dead,181,3720.0,1752.5,129.3,204.66,57.8,
Plot18_2019_IMAGE.tif,149,Region,2019-01-01,Pocillopora_dead,58,6088.1,1868.8,351.36,639.54,99.6,
Plot18_2019_IMAGE.tif,150,Region,2019-01-01,Pocillopora,142,1262.7,1771.3,157.42,332.31,59.1,
Plot18_2019_IMAGE.tif,151,Region,2019-01-01,Pocillopora_dead,90,1038.1,1918.0,707.89,1424.19,149.7,
Plot18_2019_IMAGE.tif,152,Region,2019-01-01,Pocillopora,147,1519.6,1832.0,172.67,288.75,63.7,
Plot18_2019_IMAGE.tif,153,Region,2019-01-01,Pocillopora,151,4408.1,1858.9,270.23,517.65,89.2,
Plot18_2019_IMAGE.tif,154,Region,2019-01-01,Pocillopora,669,7011.5,1824.9,93.87,167.3,54.7,
Plot18_2019_IMAGE.tif,155,Region,2019-01-01,Pocillopora,132,7933.4,1793.3,56.97,110.56,31.8,
Plot18_2019_IMAGE.tif,156,Region,2019-01-01,Pocillopora,137,5509.0,1863.2,198.34,396.33,70.6,
Plot18_2019_IMAGE.tif,157,Region,2019-01-01,Pocillopora,150,2559.6,1851.3,155.91,284.09,61.1,
Plot18_2019_IMAGE.tif,158,Region,2019-01-01,Pocillopora_dead,58,5386.0,1796.5,38.6,79.9,33.0,
Plot18_2019_IMAGE.tif,159,Region,2019-01-01,Pocillopora,835,3321.4,1837.1,82.28,126.76,47.2,
Plot18_2019_IMAGE.tif,160,Region,2019-01-01,Pocillopora_dead,181,3578.5,2008.9,750.72,1361.36,136.4,
Plot18_2019_IMAGE.tif,161,Region,2019-01-01,Pocillopora,145,3967.8,1926.9,278.27,527.5,80.1,
Plot18_2019_IMAGE.tif,162,Region,2019-01-01,Pocillopora_dead,836,7800.8,1866.6,72.38,143.99,38.2,
Plot18_2019_IMAGE.tif,163,Region,2019-01-01,Pocillopora_dead,837,4694.6,1838.1,28.28,49.85,23.6,
Plot18_2019_IMAGE.tif,164,Region,2019-01-01,Pocillopora,156,6849.0,1930.1,208.27,377.86,78.0,
Plot18_2019_IMAGE.tif,165,Region,2019-01-01,Pocillopora_dead,58,5303.4,1985.5,331.01,676.53,91.5,
Plot18_2019_IMAGE.tif,166,Region,2019-01-01,Pocillopora,154,2768.3,1964.7,224.55,417.88,85.6,
Plot18_2019_IMAGE.tif,167,Region,2019-01-01,Pocillopora,158,303.8,2009.9,332.94,660.7,96.7,
Plot18_2019_IMAGE.tif,168,Region,2019-01-01,Pocillopora_dead,186,7515.5,1903.7,79.38,144.79,54.4,
Plot18_2019_IMAGE.tif,169,Region,2019-01-01,Pocillopora_dead,838,2096.8,1955.2,94.04,152.78,50.9,
Plot18_2019_IMAGE.tif,170,Region,2019-01-01,Pocillopora,165,661.0,1998.1,194.47,284.87,63.4,
Plot18_2019_IMAGE.tif,171,Region,2019-01-01,Pocillopora,162,2025.8,1908.4,32.08,70.63,24.4,
Plot18_2019_IMAGE.tif,172,Region,2019-01-01,Pocillopora,162,2201.6,1972.0,62.17,101.4,43.8,
Plot18_2019_IMAGE.tif,173,Region,2019-01-01,Pocillopora_dead,839,478.0,1965.5,95.14,205.61,47.4,
Plot18_2019_IMAGE.tif,174,Region,2019-01-01,Pocillopora,160,7443.1,2025.5,263.39,454.56,85.8,
Plot18_2019_IMAGE.tif,175,Region,2019-01-01,Pocillopora,137,5599.4,1959.0,35.55,66.45,31.4,
Plot18_2019_IMAGE.tif,176,Region,2019-01-01,Pocillopora,150,2475.3,1989.6,129.87,248.3,54.1,
Plot18_2019_IMAGE.tif,177,Region,2019-01-01,Pocillopora,673,1653.7,1985.3,63.75,104.65,37.4,
Plot18_2019_IMAGE.tif,179,Region,2019-01-01,Pocillopora,163,3038.8,2059.6,116.85,225.96,57.7,
Plot18_2019_IMAGE.tif,180,Region,2019-01-01,Pocillopora_dead,682,4493.6,2166.2,516.99,974.66,122.7,
Plot18_2019_IMAGE.tif,181,Region,2019-01-01,Pocillopora,156,6610.4,2080.6,156.74,318.58,62.6,
Plot18_2019_IMAGE.tif,182,Region,2019-01-01,Pocillopora,169,4784.8,2079.7,142.61,264.94,55.1,
Plot18_2019_IMAGE.tif,183,Region,2019-01-01,Pocillopora,168,5664.4,2068.9,146.35,247.92,59.6,
Plot18_2019_IMAGE.tif,184,Region,2019-01-01,Pocillopora,166,7893.9,2092.4,161.22,267.46,81.2,
Plot18_2019_IMAGE.tif,185,Region,2019-01-01,Pocillopora_dead,840,7014.2,2075.0,119.77,270.3,61.9,
Plot18_2019_IMAGE.tif,186,Region,2019-01-01,Pocillopora,61,8241.4,2101.9,250.77,520.25,76.8,
Plot18_2019_IMAGE.tif,187,Region,2019-01-01,Pocillopora_dead,841,6343.4,2120.3,331.68,674.83,86.6,
Plot18_2019_IMAGE.tif,188,Region,2019-01-01,Pocillopora_dead,90,1459.7,2309.1,1031.39,1941.74,158.8,
Plot18_2019_IMAGE.tif,189,Region,2019-01-01,Pocillopora_dead,186,7250.2,2183.9,325.24,718.53,83.1,
Plot18_2019_IMAGE.tif,190,Region,2019-01-01,Pocillopora,162,2077.0,2056.5,32.94,55.08,27.2,
Plot18_2019_IMAGE.tif,191,Region,2019-01-01,Pocillopora,174,5044.7,2185.7,315.87,649.73,112.6,
Plot18_2019_IMAGE.tif,192,Region,2019-01-01,Pocillopora,151,4343.8,2107.2,36.18,57.56,30.6,
Plot18_2019_IMAGE.tif,193,Region,2019-01-01,Pocillopora_dead,838,1956.9,2198.6,269.41,479.65,81.8,
Plot18_2019_IMAGE.tif,194,Region,2019-01-01,Pocillopora_dead,181,3248.8,2308.5,965.65,1732.88,171.3,
Plot18_2019_IMAGE.tif,195,Region,2019-01-01,Pocillopora_dead,58,5434.5,2148.1,87.76,171.91,48.4,
Plot18_2019_IMAGE.tif,196,Region,2019-01-01,Pocillopora,156,6729.8,2178.6,96.8,157.87,53.5,
Plot18_2019_IMAGE.tif,198,Region,2019-01-01,Pocillopora_dead,838,2273.7,2252.3,285.63,499.84,83.0,
Plot18_2019_IMAGE.tif,199,Region,2019-01-01,Pocillopora_dead,90,1083.3,2426.5,851.44,1536.96,147.3,
Plot18_2019_IMAGE.tif,200,Region,2019-01-01,Pocillopora_dead,842,6144.8,2234.8,185.87,352.77,62.4,
Plot18_2019_IMAGE.tif,201,Region,2019-01-01,Pocillopora,185,650.6,2213.7,147.37,246.29,58.9,
Plot18_2019_IMAGE.tif,202,Region,2019-01-01,Pocillopora,156,6817.1,2248.1,100.59,184.85,49.1,
Plot18_2019_IMAGE.tif,203,Region,2019-01-01,Pocillopora,187,8055.3,2249.4,145.19,236.89,55.0,
Plot18_2019_IMAGE.tif,204,Region,2019-01-01,Pocillopora,189,4162.2,2323.3,227.94,410.22,81.0,
Plot18_2019_IMAGE.tif,205,Region,2019-01-01,Pocillopora_dead,677,5019.0,2201.1,27.81,55.7,24.2,
Plot18_2019_IMAGE.tif,206,Region,2019-01-01,Pocillopora_dead,843,842.1,2262.2,108.83,220.86,50.6,
Plot18_2019_IMAGE.tif,207,Region,2019-01-01,Pocillopora,190,5862.4,2310.0,416.52,845.55,95.6,
Plot18_2019_IMAGE.tif,208,Region,2019-01-01,Pocillopora_dead,838,2602.3,2441.1,954.34,2149.77,157.7,
Plot18_2019_IMAGE.tif,209,Region,2019-01-01,Pocillopora_dead,191,8408.0,2426.3,212.59,445.01,87.7,
Plot18_2019_IMAGE.tif,210,Region,2019-01-01,Pocillopora_dead,191,7883.9,2338.1,222.38,385.91,77.2,
Plot18_2019_IMAGE.tif,211,Region,2019-01-01,Pocillopora_dead,90,1734.6,2251.1,47.78,90.78,31.9,
Plot18_2019_IMAGE.tif,212,Region,2019-01-01,Pocillopora_dead,844,465.9,2461.9,700.19,1359.4,122.7,
Plot18_2019_IMAGE.tif,213,Region,2019-01-01,Pocillopora,178,2085.0,2368.5,169.78,281.53,63.3,
Plot18_2019_IMAGE.tif,214,Region,2019-01-01,Pocillopora,194,7361.9,2355.9,113.86,203.73,60.3,
Plot18_2019_IMAGE.tif,215,Region,2019-01-01,Pocillopora,172,6272.3,2330.2,66.92,133.1,40.9,
Plot18_2019_IMAGE.tif,216,Region,2019-01-01,Pocillopora,601,172.6,2396.2,210.93,399.34,68.8,
Plot18_2019_IMAGE.tif,217,Region,2019-01-01,Pocillopora,195,4844.0,2332.6,60.41,90.76,33.7,
Plot18_2019_IMAGE.tif,218,Region,2019-01-01,Pocillopora,681,6459.4,2390.1,203.79,429.99,72.9,
Plot18_2019_IMAGE.tif,219,Region,2019-01-01,Pocillopora,174,5064.1,2392.3,137.59,261.1,54.8,
Plot18_2019_IMAGE.tif,220,Region,2019-01-01,Pocillopora,197,4299.6,2482.6,252.63,443.45,83.4,
Plot18_2019_IMAGE.tif,221,Region,2019-01-01,Pocillopora,198,1876.5,2514.6,221.04,417.85,97.0,
Plot18_2019_IMAGE.tif,222,Region,2019-01-01,Pocillopora,199,8256.0,2426.2,56.3,109.07,37.3,
Plot18_2019_IMAGE.tif,223,Region,2019-01-01,Pocillopora_dead,181,3492.5,2535.2,519.98,915.46,110.5,
Plot18_2019_IMAGE.tif,224,Region,2019-01-01,Pocillopora,685,8129.7,2445.3,25.59,40.74,22.9,
Plot18_2019_IMAGE.tif,225,Region,2019-01-01,Pocillopora,684,6307.7,2571.3,211.02,399.38,114.4,
Plot18_2019_IMAGE.tif,226,Region,2019-01-01,Pocillopora,202,3708.5,2665.0,336.67,607.05,115.1,
Plot18_2019_IMAGE.tif,227,Region,2019-01-01,Pocillopora,205,4507.3,2631.6,470.95,917.43,108.1,
Plot18_2019_IMAGE.tif,228,Region,2019-01-01,Pocillopora_dead,845,6350.6,2505.2,32.56,71.94,32.6,
Plot18_2019_IMAGE.tif,229,Region,2019-01-01,Pocillopora_dead,846,7546.0,2738.9,1131.64,2351.76,155.7,
Plot18_2019_IMAGE.tif,230,Region,2019-01-01,Pocillopora,203,7871.6,2532.7,72.25,134.71,43.8,
Plot18_2019_IMAGE.tif,231,Region,2019-01-01,Pocillopora,204,823.1,2546.2,88.48,169.49,56.2,
Plot18_2019_IMAGE.tif,232,Region,2019-01-01,Pocillopora_dead,191,8245.7,2575.7,127.09,233.86,58.9,
Plot18_2019_IMAGE.tif,233,Region,2019-01-01,Pocillopora_dead,191,8022.4,2661.2,288.17,562.98,84.4,
Plot18_2019_IMAGE.tif,234,Region,2019-01-01,Pocillopora,207,1973.3,2730.9,611.8,1136.63,132.0,
Plot18_2019_IMAGE.tif,235,Region,2019-01-01,Pocillopora_dead,847,2998.6,2705.3,307.66,429.64,82.6,
Plot18_2019_IMAGE.tif,236,Region,2019-01-01,Pocillopora_dead,848,4030.2,2644.2,208.17,420.86,68.1,
Plot18_2019_IMAGE.tif,237,Region,2019-01-01,Pocillopora,209,6827.0,2639.7,71.05,138.19,41.8,
Plot18_2019_IMAGE.tif,238,Region,2019-01-01,Pocillopora,849,5021.1,2653.6,88.4,194.87,47.2,
Plot18_2019_IMAGE.tif,239,Region,2019-01-01,Pocillopora_dead,846,6671.6,2652.2,62.72,111.06,39.4,
Plot18_2019_IMAGE.tif,240,Region,2019-01-01,Pocillopora,212,711.1,2791.3,407.93,807.39,138.4,
Plot18_2019_IMAGE.tif,241,Region,2019-01-01,Pocillopora_dead,846,7055.4,2783.2,526.0,1067.33,103.0,
Plot18_2019_IMAGE.tif,242,Region,2019-01-01,Pocillopora,200,3296.1,2701.3,177.63,326.67,69.4,
Plot18_2019_IMAGE.tif,243,Region,2019-01-01,Pocillopora_dead,850,338.4,2869.6,733.96,1391.32,145.7,
Plot18_2019_IMAGE.tif,244,Region,2019-01-01,Pocillopora,691,8294.2,2684.8,67.15,116.04,40.8,
Plot18_2019_IMAGE.tif,245,Region,2019-01-01,Pocillopora,851,6253.7,2777.7,244.0,516.26,68.2,
Plot18_2019_IMAGE.tif,246,Region,2019-01-01,Pocillopora_dead,191,8415.0,2983.6,449.25,894.12,132.1,
Plot18_2019_IMAGE.tif,247,Region,2019-01-01,Pocillopora,216,4203.4,2763.5,159.35,298.04,54.9,
Plot18_2019_IMAGE.tif,248,Region,2019-01-01,Pocillopora,218,5410.5,2775.8,408.15,752.7,135.8,
Plot18_2019_IMAGE.tif,249,Region,2019-01-01,Pocillopora_dead,838,2627.6,2763.3,69.75,142.55,65.1,
Plot18_2019_IMAGE.tif,250,Region,2019-01-01,Pocillopora_dead,852,834.4,2739.8,59.57,120.68,34.5,
Plot18_2019_IMAGE.tif,251,Region,2019-01-01,Pocillopora_dead,846,6745.5,2796.4,163.6,338.15,62.0,
Plot18_2019_IMAGE.tif,252,Region,2019-01-01,Pocillopora,211,2463.6,2801.2,155.11,294.92,59.6,
Plot18_2019_IMAGE.tif,253,Region,2019-01-01,Pocillopora,694,5880.1,2791.6,98.34,180.81,54.9,
Plot18_2019_IMAGE.tif,254,Region,2019-01-01,Pocillopora_dead,853,6010.3,2890.4,291.22,446.73,82.6,
Plot18_2019_IMAGE.tif,255,Region,2019-01-01,Pocillopora,603,3878.1,2814.4,73.31,127.49,44.1,
Plot18_2019_IMAGE.tif,256,Region,2019-01-01,Pocillopora_dead,854,596.1,2839.0,38.16,55.8,33.5,
Plot18_2019_IMAGE.tif,257,Region,2019-01-01,Pocillopora_dead,191,8206.4,2873.1,165.1,302.21,68.9,
Plot18_2019_IMAGE.tif,258,Region,2019-01-01,Pocillopora_dead,289,1259.8,2936.5,532.4,991.95,104.8,
Plot18_2019_IMAGE.tif,259,Region,2019-01-01,Pocillopora,211,2621.3,2824.6,23.33,38.17,28.3,
Plot18_2019_IMAGE.tif,260,Region,2019-01-01,Pocillopora_dead,223,5364.3,2936.1,90.43,167.65,55.0,
Plot18_2019_IMAGE.tif,261,Region,2019-01-01,Pocillopora,220,6442.2,3037.8,490.0,940.78,104.3,
Plot18_2019_IMAGE.tif,262,Region,2019-01-01,Pocillopora,697,2210.2,2864.5,46.95,73.88,33.0,
Plot18_2019_IMAGE.tif,263,Region,2019-01-01,Pocillopora,228,975.6,2930.9,127.97,212.21,54.3,
Plot18_2019_IMAGE.tif,264,Region,2019-01-01,Pocillopora,226,3541.6,2994.9,413.97,722.73,101.9,
Plot18_2019_IMAGE.tif,265,Region,2019-01-01,Pocillopora_dead,223,5121.6,2972.3,229.66,448.82,74.9,
Plot18_2019_IMAGE.tif,266,Region,2019-01-01,Pocillopora_dead,855,2162.0,2956.7,134.06,234.4,72.6,
Plot18_2019_IMAGE.tif,267,Region,2019-01-01,Pocillopora_dead,191,7914.9,3075.2,548.17,1018.24,109.0,
Plot18_2019_IMAGE.tif,268,Region,2019-01-01,Pocillopora,229,4580.0,3036.2,302.97,538.58,81.0,
Plot18_2019_IMAGE.tif,269,Region,2019-01-01,Pocillopora_dead,856,2661.2,2946.8,72.48,141.99,52.3,
Plot18_2019_IMAGE.tif,270,Region,2019-01-01,Pocillopora,697,2314.7,2958.0,39.61,67.35,30.2,
Plot18_2019_IMAGE.tif,271,Region,2019-01-01,Pocillopora_dead,857,6790.5,3011.6,72.86,130.04,43.4,
Plot18_2019_IMAGE.tif,272,Region,2019-01-01,Pocillopora,284,3149.3,3061.3,384.59,771.13,114.1,
Plot18_2019_IMAGE.tif,273,Region,2019-01-01,Pocillopora_dead,853,6211.8,3021.8,83.85,156.38,41.6,
Plot18_2019_IMAGE.tif,274,Region,2019-01-01,Pocillopora,170,657.0,3061.5,160.41,338.16,73.5,
Plot18_2019_IMAGE.tif,275,Region,2019-01-01,Pocillopora,858,7627.7,3034.8,45.52,97.98,35.5,
Plot18_2019_IMAGE.tif,276,Region,2019-01-01,Pocillopora,232,5732.4,3132.0,321.77,627.32,86.7,
Plot18_2019_IMAGE.tif,277,Region,2019-01-01,Pocillopora,233,5471.2,3141.9,246.03,422.42,77.2,
Plot18_2019_IMAGE.tif,278,Region,2019-01-01,Pocillopora_dead,859,2786.9,3046.6,25.02,52.03,22.1,
Plot18_2019_IMAGE.tif,279,Region,2019-01-01,Pocillopora_dead,860,4187.0,3267.6,619.27,1204.03,115.2,
Plot18_2019_IMAGE.tif,280,Region,2019-01-01,Pocillopora,238,2336.6,3177.5,190.24,336.52,72.6,
Plot18_2019_IMAGE.tif,281,Region,2019-01-01,Pocillopora_dead,223,5360.0,3082.6,31.49,59.89,30.6,
Plot18_2019_IMAGE.tif,282,Region,2019-01-01,Pocillopora,235,4887.5,3135.3,195.61,321.44,65.5,
Plot18_2019_IMAGE.tif,283,Region,2019-01-01,Pocillopora_dead,191,7472.6,3362.3,1318.26,2569.11,230.6,
Plot18_2019_IMAGE.tif,284,Region,2019-01-01,Pocillopora_dead,253,2636.3,3339.3,830.28,1610.69,148.5,
Plot18_2019_IMAGE.tif,285,Region,2019-01-01,Pocillopora_dead,289,924.2,3343.2,960.93,1749.4,146.1,
Plot18_2019_IMAGE.tif,286,Region,2019-01-01,Pocillopora,239,5194.9,3168.8,167.89,311.88,62.4,
Plot18_2019_IMAGE.tif,287,Region,2019-01-01,Pocillopora_dead,253,3105.4,3324.8,825.57,1652.01,139.4,
Plot18_2019_IMAGE.tif,288,Region,2019-01-01,Pocillopora_dead,289,632.4,3157.5,53.87,93.39,40.2,
Plot18_2019_IMAGE.tif,289,Region,2019-01-01,Pocillopora,227,8042.5,3285.5,337.71,672.35,92.5,
Plot18_2019_IMAGE.tif,290,Region,2019-01-01,Pocillopora_dead,289,1259.0,3165.5,31.23,55.76,28.9,
Plot18_2019_IMAGE.tif,291,Region,2019-01-01,Pocillopora_dead,289,1680.4,3432.8,1244.39,2082.47,177.4,
Plot18_2019_IMAGE.tif,292,Region,2019-01-01,Pocillopora,241,1350.5,3196.8,75.11,116.56,44.4,
Plot18_2019_IMAGE.tif,293,Region,2019-01-01,Pocillopora,284,3589.9,3263.0,272.97,462.02,76.0,
Plot18_2019_IMAGE.tif,294,Region,2019-01-01,Pocillopora,241,1216.7,3204.1,18.67,26.79,24.0,
Plot18_2019_IMAGE.tif,295,Region,2019-01-01,Pocillopora,252,6620.9,3343.7,324.93,706.63,127.9,
Plot18_2019_IMAGE.tif,296,Region,2019-01-01,Pocillopora,247,3416.1,3225.9,22.48,35.55,25.1,
Plot18_2019_IMAGE.tif,297,Region,2019-01-01,Pocillopora_dead,861,4812.9,3419.0,529.44,654.83,110.0,
Plot18_2019_IMAGE.tif,298,Region,2019-01-01,Pocillopora_dead,862,6026.1,3274.0,17.26,27.78,18.8,
Plot18_2019_IMAGE.tif,299,Region,2019-01-01,Pocillopora,250,5966.5,3296.7,34.82,66.18,29.5,
Plot18_2019_IMAGE.tif,300,Region,2019-01-01,Pocillopora_dead,289,1348.5,3429.0,204.98,376.82,93.9,
Plot18_2019_IMAGE.tif,301,Region,2019-01-01,Pocillopora,255,5334.9,3330.5,132.4,245.72,53.4,
Plot18_2019_IMAGE.tif,302,Region,2019-01-01,Pocillopora,257,6154.1,3328.0,72.91,123.69,40.1,
Plot18_2019_IMAGE.tif,303,Region,2019-01-01,Pocillopora_dead,289,1183.5,3503.8,214.64,303.79,86.2,
Plot18_2019_IMAGE.tif,304,Region,2019-01-01,Pocillopora,258,392.6,3320.2,68.64,114.87,38.6,
Plot18_2019_IMAGE.tif,305,Region,2019-01-01,Pocillopora_dead,704,6611.5,3327.2,34.24,57.7,36.3,
Plot18_2019_IMAGE.tif,306,Region,2019-01-01,Pocillopora,230,3378.5,3377.4,38.8,64.26,28.1,
Plot18_2019_IMAGE.tif,307,Region,2019-01-01,Pocillopora_dead,289,2066.4,3581.2,853.02,1563.41,155.0,
Plot18_2019_IMAGE.tif,308,Region,2019-01-01,Pocillopora,263,4993.8,3412.0,95.39,151.1,44.7,
Plot18_2019_IMAGE.tif,309,Region,2019-01-01,Pocillopora_dead,863,5453.6,3441.7,62.43,135.78,46.9,
Plot18_2019_IMAGE.tif,310,Region,2019-01-01,Pocillopora_dead,299,3784.1,3539.8,602.68,1167.98,113.0,
Plot18_2019_IMAGE.tif,311,Region,2019-01-01,Pocillopora_dead,864,6047.2,3530.2,559.03,1140.49,108.1,
Plot18_2019_IMAGE.tif,312,Region,2019-01-01,Pocillopora,262,8207.3,3536.3,351.97,595.4,114.9,
Plot18_2019_IMAGE.tif,313,Region,2019-01-01,Pocillopora,263,5095.6,3411.0,26.35,61.53,23.8,
Plot18_2019_IMAGE.tif,314,Region,2019-01-01,Pocillopora,266,5592.3,3500.0,204.5,359.95,65.8,
Plot18_2019_IMAGE.tif,315,Region,2019-01-01,Pocillopora,269,4491.9,3475.5,149.04,277.69,57.2,
Plot18_2019_IMAGE.tif,316,Region,2019-01-01,Pocillopora,272,425.7,3542.6,317.98,612.85,101.8,
Plot18_2019_IMAGE.tif,317,Region,2019-01-01,Pocillopora,271,5226.1,3586.3,420.89,815.26,93.1,
Plot18_2019_IMAGE.tif,318,Region,2019-01-01,Pocillopora,251,7138.6,3510.2,130.14,238.22,56.8,
Plot18_2019_IMAGE.tif,319,Region,2019-01-01,Pocillopora,604,208.9,3469.5,16.05,27.22,18.2,
Plot18_2019_IMAGE.tif,320,Region,2019-01-01,Pocillopora_dead,191,7863.9,3568.7,162.88,293.49,59.1,
Plot18_2019_IMAGE.tif,321,Region,2019-01-01,Pocillopora,276,6893.7,3575.1,105.89,182.98,45.9,
Plot18_2019_IMAGE.tif,322,Region,2019-01-01,Pocillopora_dead,253,2747.3,3698.2,731.52,1377.32,141.0,
Plot18_2019_IMAGE.tif,323,Region,2019-01-01,Pocillopora_dead,191,8282.9,3601.1,79.12,164.4,39.7,
Plot18_2019_IMAGE.tif,324,Region,2019-01-01,Pocillopora_dead,299,3395.3,3641.1,235.23,454.94,75.8,
Plot18_2019_IMAGE.tif,325,Region,2019-01-01,Pocillopora,277,3131.5,3687.0,298.17,468.93,84.8,
Plot18_2019_IMAGE.tif,326,Region,2019-01-01,Pocillopora,281,6675.0,3702.3,373.36,767.99,115.4,
Plot18_2019_IMAGE.tif,327,Region,2019-01-01,Pocillopora,286,5491.6,3722.2,240.64,430.89,78.1,
Plot18_2019_IMAGE.tif,328,Region,2019-01-01,Pocillopora_dead,289,608.3,3873.4,905.02,1665.49,139.3,
Plot18_2019_IMAGE.tif,329,Region,2019-01-01,Pocillopora,278,846.3,3634.1,75.19,133.27,43.3,
Plot18_2019_IMAGE.tif,330,Region,2019-01-01,Pocillopora,282,7286.5,3754.2,395.98,674.72,107.1,
Plot18_2019_IMAGE.tif,331,Region,2019-01-01,Pocillopora,605,4212.5,3653.0,37.25,50.48,28.7,
Plot18_2019_IMAGE.tif,332,Region,2019-01-01,Pocillopora,288,1334.5,3719.7,158.17,296.46,63.6,
Plot18_2019_IMAGE.tif,333,Region,2019-01-01,Pocillopora,287,4951.6,3759.3,115.78,215.08,73.1,
Plot18_2019_IMAGE.tif,334,Region,2019-01-01,Pocillopora_dead,289,413.9,3678.9,55.78,131.79,34.6,
Plot18_2019_IMAGE.tif,335,Region,2019-01-01,Pocillopora,283,7792.6,3665.7,33.79,56.05,25.4,
Plot18_2019_IMAGE.tif,336,Region,2019-01-01,Pocillopora_dead,708,4947.2,3693.6,25.97,43.31,25.9,
Plot18_2019_IMAGE.tif,337,Region,2019-01-01,Pocillopora_dead,710,4130.2,3743.7,83.74,148.53,45.6,
Plot18_2019_IMAGE.tif,338,Region,2019-01-01,Pocillopora,291,6893.6,3784.2,124.3,222.18,47.2,
Plot18_2019_IMAGE.tif,339,Region,2019-01-01,Pocillopora_dead,280,5669.8,3782.4,97.43,181.51,49.7,
Plot18_2019_IMAGE.tif,340,Region,2019-01-01,Pocillopora,295,5910.1,3806.9,254.85,542.56,85.2,
Plot18_2019_IMAGE.tif,341,Region,2019-01-01,Pocillopora,293,4003.1,3842.0,237.38,410.06,71.4,
Plot18_2019_IMAGE.tif,342,Region,2019-01-01,Pocillopora_dead,865,7167.1,3760.3,18.34,39.67,21.5,
Plot18_2019_IMAGE.tif,343,Region,2019-01-01,Pocillopora,290,3750.8,3829.3,209.16,365.81,63.9,
Plot18_2019_IMAGE.tif,344,Region,2019-01-01,Pocillopora,294,7786.4,3813.6,195.86,321.88,75.2,
Plot18_2019_IMAGE.tif,345,Region,2019-01-01,Pocillopora_dead,301,3363.3,3832.7,103.28,190.83,63.8,
Plot18_2019_IMAGE.tif,346,Region,2019-01-01,Pocillopora,292,3478.3,3903.9,306.96,515.48,80.5,
Plot18_2019_IMAGE.tif,347,Region,2019-01-01,Pocillopora_dead,866,8291.9,4017.2,851.16,1491.06,147.0,
Plot18_2019_IMAGE.tif,348,Region,2019-01-01,Pocillopora,297,5238.1,3826.9,57.68,101.08,40.7,
Plot18_2019_IMAGE.tif,349,Region,2019-01-01,Pocillopora,288,1474.2,3984.5,301.69,510.31,112.1,
Plot18_2019_IMAGE.tif,350,Region,2019-01-01,Pocillopora,296,2515.9,3865.1,132.03,244.0,60.1,
Plot18_2019_IMAGE.tif,351,Region,2019-01-01,Pocillopora,307,2260.3,3869.9,76.42,134.77,42.9,
Plot18_2019_IMAGE.tif,352,Region,2019-01-01,Pocillopora,303,261.3,3940.5,232.57,399.98,71.2,
Plot18_2019_IMAGE.tif,353,Region,2019-01-01,Pocillopora,298,3022.4,3905.6,174.69,297.83,65.3,
Plot18_2019_IMAGE.tif,354,Region,2019-01-01,Pocillopora_dead,867,5295.2,3904.6,76.84,141.34,43.4,
Plot18_2019_IMAGE.tif,355,Region,2019-01-01,Pocillopora_dead,289,1828.7,4023.0,837.45,1487.14,149.2,
Plot18_2019_IMAGE.tif,356,Region,2019-01-01,Pocillopora,306,7929.9,4009.7,379.08,666.01,90.2,
Plot18_2019_IMAGE.tif,357,Region,2019-01-01,Acropora,309,7002.7,3980.3,231.23,319.39,68.7,
Plot18_2019_IMAGE.tif,358,Region,2019-01-01,Pocillopora_dead,868,5889.5,3891.2,28.4,46.62,39.1,
Plot18_2019_IMAGE.tif,359,Region,2019-01-01,Pocillopora,606,5539.8,3927.2,110.36,164.24,50.4,
Plot18_2019_IMAGE.tif,360,Region,2019-01-01,Pocillopora,295,5805.9,3946.4,86.38,155.34,45.3,
Plot18_2019_IMAGE.tif,361,Region,2019-01-01,Pocillopora,311,6236.5,4010.1,218.73,374.12,66.9,
Plot18_2019_IMAGE.tif,362,Region,2019-01-01,Pocillopora_dead,289,2340.4,4235.4,1357.33,2390.7,177.8,
Plot18_2019_IMAGE.tif,363,Region,2019-01-01,Pocillopora_dead,299,3686.4,4093.3,415.69,698.87,88.4,
Plot18_2019_IMAGE.tif,364,Region,2019-01-01,Pocillopora,310,2626.3,4051.5,202.37,369.69,79.4,
Plot18_2019_IMAGE.tif,365,Region,2019-01-01,Pocillopora_dead,289,866.4,4091.4,200.44,381.8,66.1,
Plot18_2019_IMAGE.tif,366,Region,2019-01-01,Pocillopora,313,7219.9,4062.3,183.85,310.86,63.5,
Plot18_2019_IMAGE.tif,367,Region,2019-01-01,Pocillopora_dead,314,5078.0,4150.2,491.97,941.83,103.9,
Plot18_2019_IMAGE.tif,368,Region,2019-01-01,Pocillopora_dead,869,5881.7,4026.7,46.83,89.41,30.7,
Plot18_2019_IMAGE.tif,369,Region,2019-01-01,Pocillopora_dead,299,3995.6,4164.6,471.68,647.85,100.3,
Plot18_2019_IMAGE.tif,370,Region,2019-01-01,Pocillopora,295,5944.4,4090.4,137.65,240.45,66.9,
Plot18_2019_IMAGE.tif,371,Region,2019-01-01,Pocillopora_dead,870,5390.8,4054.9,112.17,211.39,50.6,
Plot18_2019_IMAGE.tif,372,Region,2019-01-01,Pocillopora_dead,289,1339.3,4102.6,133.11,255.18,63.7,
Plot18_2019_IMAGE.tif,373,Region,2019-01-01,Pocillopora,316,3148.4,4133.4,245.27,444.94,95.2,
Plot18_2019_IMAGE.tif,374,Region,2019-01-01,Pocillopora,320,4356.2,4138.1,362.23,644.57,98.7,
Plot18_2019_IMAGE.tif,375,Region,2019-01-01,Pocillopora,315,4768.6,4078.2,180.34,305.86,63.6,
Plot18_2019_IMAGE.tif,376,Region,2019-01-01,Pocillopora_dead,871,5528.7,4022.3,8.22,15.55,13.8,
Plot18_2019_IMAGE.tif,377,Region,2019-01-01,Pocillopora_dead,379,6743.1,4248.7,771.19,1394.45,129.1,
Plot18_2019_IMAGE.tif,378,Region,2019-01-01,Pocillopora_dead,872,3150.8,4037.6,11.5,22.88,17.3,
Plot18_2019_IMAGE.tif,379,Region,2019-01-01,Pocillopora_dead,289,326.2,4060.4,23.63,41.61,26.3,
Plot18_2019_IMAGE.tif,380,Region,2019-01-01,Pocillopora,325,1140.8,4206.5,324.62,695.14,103.2,
Plot18_2019_IMAGE.tif,381,Region,2019-01-01,Pocillopora_dead,873,5467.2,4117.8,22.67,49.86,22.7,
Plot18_2019_IMAGE.tif,382,Region,2019-01-01,Pocillopora,327,385.8,4268.9,491.93,847.8,107.5,
Plot18_2019_IMAGE.tif,383,Region,2019-01-01,Pocillopora_dead,715,6370.0,4212.3,174.25,291.58,66.4,
Plot18_2019_IMAGE.tif,384,Region,2019-01-01,Pocillopora,326,5406.2,4265.3,311.98,575.87,113.5,
Plot18_2019_IMAGE.tif,385,Region,2019-01-01,Pocillopora,335,4542.6,4331.5,388.46,697.5,117.5,
Plot18_2019_IMAGE.tif,386,Region,2019-01-01,Pocillopora,329,4863.7,4212.3,33.86,53.33,25.7,
Plot18_2019_IMAGE.tif,387,Region,2019-01-01,Pocillopora_dead,289,667.3,4298.6,159.8,227.81,65.6,
Plot18_2019_IMAGE.tif,388,Region,2019-01-01,Pocillopora,334,7256.7,4357.8,283.65,530.81,99.9,
Plot18_2019_IMAGE.tif,389,Region,2019-01-01,Pocillopora,337,6112.3,4272.4,125.17,242.38,62.3,
Plot18_2019_IMAGE.tif,390,Region,2019-01-01,Pocillopora,339,5859.2,4375.3,427.66,782.09,105.8,
Plot18_2019_IMAGE.tif,391,Region,2019-01-01,Pocillopora_dead,379,7074.6,4338.5,208.28,362.72,66.4,
Plot18_2019_IMAGE.tif,392,Region,2019-01-01,Pocillopora,716,2752.6,4347.7,188.91,366.08,68.0,
Plot18_2019_IMAGE.tif,393,Region,2019-01-01,Pocillopora_dead,289,1681.5,4369.0,327.83,579.91,90.9,
Plot18_2019_IMAGE.tif,394,Region,2019-01-01,Pocillopora_dead,289,1309.8,4451.6,579.78,976.18,107.1,
Plot18_2019_IMAGE.tif,395,Region,2019-01-01,Pocillopora_dead,314,5328.6,4316.0,22.15,49.38,25.6,
Plot18_2019_IMAGE.tif,396,Region,2019-01-01,Pocillopora_dead,289,1968.4,4548.9,834.74,1553.78,140.0,
Plot18_2019_IMAGE.tif,397,Region,2019-01-01,Pocillopora_dead,874,6370.7,4355.4,93.64,136.01,52.8,
Plot18_2019_IMAGE.tif,398,Region,2019-01-01,Pocillopora_dead,875,6522.9,4358.5,57.73,87.6,35.2,
Plot18_2019_IMAGE.tif,399,Region,2019-01-01,Pocillopora_dead,876,191.3,4459.8,216.02,321.82,70.5,
Plot18_2019_IMAGE.tif,400,Region,2019-01-01,Pocillopora_dead,877,5533.9,4325.0,23.38,63.18,24.1,
Plot18_2019_IMAGE.tif,401,Region,2019-01-01,Pocillopora,334,7421.6,4360.0,67.48,130.48,39.4,
Plot18_2019_IMAGE.tif,402,Region,2019-01-01,Pocillopora_dead,314,4676.4,4397.5,121.06,229.21,56.7,
Plot18_2019_IMAGE.tif,403,Region,2019-01-01,Pocillopora,343,4113.7,4382.9,153.78,255.04,62.0,
Plot18_2019_IMAGE.tif,404,Region,2019-01-01,Pocillopora_dead,289,995.5,4400.5,119.79,226.33,49.9,
Plot18_2019_IMAGE.tif,405,Region,2019-01-01,Pocillopora_dead,878,6072.0,4348.4,36.63,63.64,33.5,
Plot18_2019_IMAGE.tif,406,Region,2019-01-01,Pocillopora,348,6277.3,4470.0,186.7,306.41,70.7,
Plot18_2019_IMAGE.tif,407,Region,2019-01-01,Pocillopora,718,8255.7,4382.6,32.15,56.89,25.4,
Plot18_2019_IMAGE.tif,408,Region,2019-01-01,Pocillopora_dead,314,5037.5,4400.0,43.96,80.23,38.8,
Plot18_2019_IMAGE.tif,409,Region,2019-01-01,Pocillopora_dead,879,3891.8,4439.0,109.21,192.98,49.0,
Plot18_2019_IMAGE.tif,410,Region,2019-01-01,Pocillopora_dead,880,5884.0,4379.2,6.17,9.34,10.7,
Plot18_2019_IMAGE.tif,411,Region,2019-01-01,Pocillopora_dead,379,6980.2,4458.6,41.81,62.84,32.4,
Plot18_2019_IMAGE.tif,412,Region,2019-01-01,Pocillopora,349,3592.4,4493.9,191.76,354.39,97.7,
Plot18_2019_IMAGE.tif,413,Region,2019-01-01,Pocillopora,337,6103.6,4402.9,6.83,11.44,11.5,
Plot18_2019_IMAGE.tif,414,Region,2019-01-01,Pocillopora,350,7913.7,4572.5,338.93,575.16,88.2,
Plot18_2019_IMAGE.tif,415,Region,2019-01-01,Pocillopora,723,5228.3,4507.1,86.52,160.04,55.5,
Plot18_2019_IMAGE.tif,416,Region,2019-01-01,Pocillopora_dead,379,6567.7,4571.2,364.31,593.14,97.3,
Plot18_2019_IMAGE.tif,417,Region,2019-01-01,Pocillopora_dead,289,1599.1,4774.8,833.14,1448.7,153.1,
Plot18_2019_IMAGE.tif,418,Region,2019-01-01,Pocillopora_dead,314,4799.8,4568.1,190.54,390.72,66.3,
Plot18_2019_IMAGE.tif,419,Region,2019-01-01,Pocillopora,355,2906.0,4526.6,76.45,141.18,39.4,
Plot18_2019_IMAGE.tif,420,Region,2019-01-01,Pocillopora,344,8288.9,4634.4,342.82,747.61,87.7,
Plot18_2019_IMAGE.tif,421,Region,2019-01-01,Pocillopora_dead,364,5976.9,4633.1,312.43,599.79,77.3,
Plot18_2019_IMAGE.tif,422,Region,2019-01-01,Pocillopora_dead,881,3559.8,4518.8,32.16,53.67,25.2,
Plot18_2019_IMAGE.tif,423,Region,2019-01-01,Pocillopora,361,4558.9,4582.8,170.25,252.06,64.0,
Plot18_2019_IMAGE.tif,424,Region,2019-01-01,Pocillopora_dead,882,2492.2,4545.2,39.29,72.48,40.4,
Plot18_2019_IMAGE.tif,425,Region,2019-01-01,Pocillopora,363,7609.3,4685.0,356.39,694.92,121.3,
Plot18_2019_IMAGE.tif,426,Region,2019-01-01,Pocillopora,356,2394.4,4657.3,376.74,630.34,107.3,
Plot18_2019_IMAGE.tif,427,Region,2019-01-01,Pocillopora,360,6938.8,4589.8,94.63,150.22,44.7,
Plot18_2019_IMAGE.tif,428,Region,2019-01-01,Pocillopora_dead,289,1037.4,4716.3,338.64,640.37,87.3,
Plot18_2019_IMAGE.tif,429,Region,2019-01-01,Pocillopora,362,2682.7,4635.7,118.73,214.13,56.3,
Plot18_2019_IMAGE.tif,430,Region,2019-01-01,Pocillopora_dead,383,3219.7,4705.4,416.63,808.23,92.8,
Plot18_2019_IMAGE.tif,431,Region,2019-01-01,Pocillopora_dead,383,3458.1,4719.6,193.38,319.54,68.8,
Plot18_2019_IMAGE.tif,432,Region,2019-01-01,Pocillopora,369,3698.5,4744.8,389.19,625.9,109.2,
Plot18_2019_IMAGE.tif,433,Region,2019-01-01,Pocillopora,362,2885.4,4666.4,115.0,222.97,53.7,
Plot18_2019_IMAGE.tif,434,Region,2019-01-01,Pocillopora_dead,289,374.6,4869.3,802.47,1498.82,152.3,
Plot18_2019_IMAGE.tif,435,Region,2019-01-01,Pocillopora_dead,314,4403.6,4681.3,65.55,116.2,40.9,
Plot18_2019_IMAGE.tif,436,Region,2019-01-01,Pocillopora_dead,883,7724.4,4675.3,52.57,100.77,46.6,
Plot18_2019_IMAGE.tif,437,Region,2019-01-01,Pocillopora,734,667.2,4744.1,88.64,194.56,53.0,
Plot18_2019_IMAGE.tif,438,Region,2019-01-01,Pocillopora,371,4201.7,4674.0,58.49,106.9,37.0,
Plot18_2019_IMAGE.tif,439,Region,2019-01-01,Pocillopora,375,1261.5,4813.9,298.28,535.53,77.7,
Plot18_2019_IMAGE.tif,440,Region,2019-01-01,Pocillopora_dead,884,2751.7,4711.5,59.17,101.37,36.2,
Plot18_2019_IMAGE.tif,441,Region,2019-01-01,Pocillopora,373,6786.4,4756.4,151.53,309.25,65.7,
Plot18_2019_IMAGE.tif,442,Region,2019-01-01,Pocillopora,378,6170.8,4761.0,130.74,225.96,54.8,
Plot18_2019_IMAGE.tif,443,Region,2019-01-01,Pocillopora_dead,379,6439.0,4791.4,243.32,409.86,83.4,
Plot18_2019_IMAGE.tif,444,Region,2019-01-01,Pocillopora_dead,314,4557.4,4807.8,357.17,663.23,88.4,
Plot18_2019_IMAGE.tif,445,Region,2019-01-01,Pocillopora_dead,314,4212.3,4932.5,589.4,1056.26,108.1,
Plot18_2019_IMAGE.tif,446,Region,2019-01-01,Pocillopora_dead,885,6912.5,4795.2,75.13,127.5,39.5,
Plot18_2019_IMAGE.tif,447,Region,2019-01-01,Pocillopora,730,2984.4,4732.5,4.31,4.88,8.4,
Plot18_2019_IMAGE.tif,448,Region,2019-01-01,Pocillopora,384,4010.8,4778.6,40.96,73.27,30.5,
Plot18_2019_IMAGE.tif,449,Region,2019-01-01,Pocillopora,736,2477.3,4825.7,106.81,192.54,46.4,
Plot18_2019_IMAGE.tif,450,Region,2019-01-01,Pocillopora_dead,289,856.8,4918.5,267.02,494.55,74.7,
Plot18_2019_IMAGE.tif,451,Region,2019-01-01,Pocillopora,376,6622.8,4863.0,118.89,206.35,55.6,
Plot18_2019_IMAGE.tif,452,Region,2019-01-01,Pocillopora_dead,383,2631.1,5020.3,598.6,1219.67,118.4,
Plot18_2019_IMAGE.tif,453,Region,2019-01-01,Pocillopora_dead,379,6266.5,4920.2,116.74,208.1,53.1,
Plot18_2019_IMAGE.tif,454,Region,2019-01-01,Pocillopora,289,639.8,4931.7,87.32,140.7,51.4,
Plot18_2019_IMAGE.tif,455,Region,2019-01-01,Pocillopora_dead,379,6862.8,4977.1,330.09,632.78,90.0,
Plot18_2019_IMAGE.tif,456,Region,2019-01-01,Pocillopora_dead,383,3181.7,5037.3,696.93,1381.7,119.4,
Plot18_2019_IMAGE.tif,457,Region,2019-01-01,Pocillopora,393,5169.4,4996.4,198.42,356.94,60.4,
Plot18_2019_IMAGE.tif,458,Region,2019-01-01,Pocillopora_dead,383,3525.6,5042.9,327.23,621.73,88.8,
Plot18_2019_IMAGE.tif,459,Region,2019-01-01,Pocillopora_dead,379,6432.0,5163.7,903.52,1448.9,150.9,
Plot18_2019_IMAGE.tif,460,Region,2019-01-01,Pocillopora,385,1057.4,4980.2,90.37,182.46,52.6,
Plot18_2019_IMAGE.tif,461,Region,2019-01-01,Pocillopora_dead,289,1423.1,5099.9,564.6,992.08,117.7,
Plot18_2019_IMAGE.tif,462,Region,2019-01-01,Pocillopora,394,4510.8,5087.4,327.32,513.11,88.2,
Plot18_2019_IMAGE.tif,463,Region,2019-01-01,Pocillopora,886,3954.3,5041.6,137.07,245.36,98.6,
Plot18_2019_IMAGE.tif,464,Region,2019-01-01,Pocillopora,397,654.7,5091.0,99.15,149.48,50.4,
Plot18_2019_IMAGE.tif,465,Region,2019-01-01,Pocillopora_dead,887,3945.7,5196.1,179.95,366.06,87.6,
Plot18_2019_IMAGE.tif,466,Region,2019-01-01,Pocillopora,403,5805.3,5220.6,138.23,285.3,64.5,
Plot18_2019_IMAGE.tif,467,Region,2019-01-01,Pocillopora,401,365.7,5159.8,117.68,213.74,57.3,
Plot18_2019_IMAGE.tif,468,Region,2019-01-01,Pocillopora,405,3590.0,5218.2,79.23,144.94,58.1,
Plot18_2019_IMAGE.tif,469,Region,2019-01-01,Pocillopora_dead,888,8366.5,5337.6,818.35,1595.15,147.4,
Plot18_2019_IMAGE.tif,470,Region,2019-01-01,Pocillopora,402,814.7,5153.3,35.45,50.54,25.9,
Plot18_2019_IMAGE.tif,471,Region,2019-01-01,Pocillopora_dead,289,900.3,5272.7,259.51,490.7,93.4,
Plot18_2019_IMAGE.tif,472,Region,2019-01-01,Pocillopora_dead,889,5236.1,5190.1,105.1,197.06,52.8,
Plot18_2019_IMAGE.tif,473,Region,2019-01-01,Pocillopora,406,7200.1,5214.0,130.69,229.86,56.0,
Plot18_2019_IMAGE.tif,474,Region,2019-01-01,Pocillopora_dead,289,1708.9,5303.4,397.04,759.15,91.1,
Plot18_2019_IMAGE.tif,475,Region,2019-01-01,Pocillopora,389,2726.9,5207.8,89.21,161.69,49.8,
Plot18_2019_IMAGE.tif,476,Region,2019-01-01,Pocillopora,396,1222.5,5273.6,217.01,365.87,71.0,
Plot18_2019_IMAGE.tif,477,Region,2019-01-01,Pocillopora_dead,742,4569.7,5234.9,51.98,76.91,37.0,
Plot18_2019_IMAGE.tif,478,Region,2019-01-01,Pocillopora,411,670.4,5270.7,83.39,141.92,42.8,
Plot18_2019_IMAGE.tif,479,Region,2019-01-01,Pocillopora,413,430.1,5436.0,856.78,1534.98,140.1,
Plot18_2019_IMAGE.tif,480,Region,2019-01-01,Pocillopora_dead,383,2985.6,5264.1,34.09,62.95,28.5,
Plot18_2019_IMAGE.tif,481,Region,2019-01-01,Pocillopora,409,3131.0,5285.6,84.17,158.59,42.3,
Plot18_2019_IMAGE.tif,482,Region,2019-01-01,Pocillopora,890,7008.5,5272.5,23.4,31.0,24.7,
Plot18_2019_IMAGE.tif,483,Region,2019-01-01,Pocillopora_dead,379,6782.4,5328.2,166.58,335.68,60.7,
Plot18_2019_IMAGE.tif,484,Region,2019-01-01,Acropora,419,2614.2,5405.5,393.72,597.63,90.1,
Plot18_2019_IMAGE.tif,485,Region,2019-01-01,Pocillopora_dead,289,1055.2,5403.9,271.77,556.44,83.8,
Plot18_2019_IMAGE.tif,486,Region,2019-01-01,Pocillopora,418,5355.7,5421.4,350.93,660.56,89.2,
Plot18_2019_IMAGE.tif,487,Region,2019-01-01,Pocillopora_dead,427,4424.7,5457.0,506.44,886.39,94.4,
Plot18_2019_IMAGE.tif,488,Region,2019-01-01,Acropora,415,1401.1,5385.0,96.75,155.63,45.9,
Plot18_2019_IMAGE.tif,489,Region,2019-01-01,Pocillopora_dead,744,7086.1,5355.2,49.92,87.82,30.7,
Plot18_2019_IMAGE.tif,490,Region,2019-01-01,Pocillopora,409,3011.3,5349.0,55.24,87.9,38.6,
Plot18_2019_IMAGE.tif,491,Region,2019-01-01,Pocillopora,746,1915.8,5356.6,38.43,72.36,26.4,
Plot18_2019_IMAGE.tif,492,Region,2019-01-01,Pocillopora_dead,747,3623.1,5418.0,62.84,96.6,33.9,
Plot18_2019_IMAGE.tif,493,Region,2019-01-01,Pocillopora_dead,383,3280.2,5463.3,157.16,288.81,58.8,
Plot18_2019_IMAGE.tif,494,Region,2019-01-01,Pocillopora,748,6198.1,5446.7,51.26,84.3,32.6,
Plot18_2019_IMAGE.tif,495,Region,2019-01-01,Pocillopora,424,3141.5,5464.1,58.54,91.93,35.7,
Plot18_2019_IMAGE.tif,496,Region,2019-01-01,Pocillopora,425,4054.6,5557.3,285.6,500.76,80.3,
Plot18_2019_IMAGE.tif,497,Region,2019-01-01,Pocillopora,428,7336.3,5629.4,366.83,768.99,94.3,
Plot18_2019_IMAGE.tif,498,Region,2019-01-01,Pocillopora,430,2222.7,5675.5,597.32,1099.62,140.4,
Plot18_2019_IMAGE.tif,499,Region,2019-01-01,Pocillopora_dead,749,3795.4,5607.4,176.68,330.61,72.0,
Plot18_2019_IMAGE.tif,500,Region,2019-01-01,Pocillopora,434,6266.9,5538.5,29.93,60.97,26.0,
Plot18_2019_IMAGE.tif,501,Region,2019-01-01,Pocillopora_dead,289,1067.1,5652.6,535.07,928.71,109.2,
Plot18_2019_IMAGE.tif,502,Region,2019-01-01,Pocillopora,432,8088.0,5612.1,200.84,363.49,68.4,
Plot18_2019_IMAGE.tif,503,Region,2019-01-01,Pocillopora,435,6819.6,5565.2,59.21,106.83,34.6,
Plot18_2019_IMAGE.tif,504,Region,2019-01-01,Pocillopora_dead,427,4557.0,5715.0,413.86,785.12,95.4,
Plot18_2019_IMAGE.tif,505,Region,2019-01-01,Pocillopora_dead,891,6326.1,5584.9,70.66,166.71,51.3,
Plot18_2019_IMAGE.tif,506,Region,2019-01-01,Pocillopora,435,6707.3,5674.3,171.19,292.85,77.6,
Plot18_2019_IMAGE.tif,507,Region,2019-01-01,Pocillopora,428,7202.9,5587.2,36.53,67.78,25.6,
Plot18_2019_IMAGE.tif,508,Region,2019-01-01,Pocillopora_dead,892,2303.6,5571.9,14.89,28.81,19.3,
Plot18_2019_IMAGE.tif,509,Region,2019-01-01,Pocillopora_dead,893,6618.8,5652.6,32.31,46.63,34.8,
Plot18_2019_IMAGE.tif,510,Region,2019-01-01,Acropora,440,733.1,5732.6,244.16,320.1,74.8,
Plot18_2019_IMAGE.tif,511,Region,2019-01-01,Pocillopora,439,3591.6,5668.4,145.56,259.49,76.0,
Plot18_2019_IMAGE.tif,512,Region,2019-01-01,Pocillopora,434,6432.5,5779.2,501.19,974.01,128.5,
Plot18_2019_IMAGE.tif,513,Region,2019-01-01,Pocillopora_dead,894,1532.8,5838.5,660.1,1259.61,123.6,
Plot18_2019_IMAGE.tif,514,Region,2019-01-01,Pocillopora,428,7098.9,5681.0,50.87,88.72,36.1,
Plot18_2019_IMAGE.tif,515,Region,2019-01-01,Pocillopora,895,2478.1,5667.1,21.76,33.17,23.1,
Plot18_2019_IMAGE.tif,516,Region,2019-01-01,Pocillopora,445,6913.7,5865.0,466.93,921.03,109.9,
Plot18_2019_IMAGE.tif,517,Region,2019-01-01,Pocillopora_dead,379,6811.1,5684.9,37.28,68.64,29.2,
Plot18_2019_IMAGE.tif,518,Region,2019-01-01,Pocillopora,446,7907.4,5871.1,450.55,865.33,105.7,
Plot18_2019_IMAGE.tif,519,Region,2019-01-01,Pocillopora,442,497.3,5807.3,268.96,442.28,85.9,
Plot18_2019_IMAGE.tif,520,Region,2019-01-01,Pocillopora_dead,749,3619.2,5734.2,54.82,91.07,37.6,
Plot18_2019_IMAGE.tif,521,Region,2019-01-01,Pocillopora_dead,752,2409.7,5806.0,119.88,211.75,57.1,
Plot18_2019_IMAGE.tif,522,Region,2019-01-01,Pocillopora_dead,896,7532.6,5850.0,389.63,626.3,84.0,
Plot18_2019_IMAGE.tif,523,Region,2019-01-01,Pocillopora,453,2879.5,5885.1,327.08,672.78,120.4,
Plot18_2019_IMAGE.tif,524,Region,2019-01-01,Pocillopora_dead,379,6818.2,5774.9,21.96,34.61,30.0,
Plot18_2019_IMAGE.tif,525,Region,2019-01-01,Pocillopora,451,5530.6,5883.4,229.56,454.27,77.8,
Plot18_2019_IMAGE.tif,526,Region,2019-01-01,Pocillopora_dead,897,1803.5,5860.6,78.93,148.87,58.1,
Plot18_2019_IMAGE.tif,527,Region,2019-01-01,Pocillopora_dead,749,3708.3,5916.1,371.33,614.67,96.1,
Plot18_2019_IMAGE.tif,528,Region,2019-01-01,Pocillopora,898,4668.1,5845.7,34.09,62.06,32.5,
Plot18_2019_IMAGE.tif,529,Region,2019-01-01,Pocillopora,455,1753.4,5873.3,21.67,45.82,23.8,
Plot18_2019_IMAGE.tif,530,Region,2019-01-01,Pocillopora,462,4104.4,5977.1,315.92,569.6,89.2,
Plot18_2019_IMAGE.tif,531,Region,2019-01-01,Pocillopora_dead,757,2813.7,5878.7,37.33,65.17,31.9,
Plot18_2019_IMAGE.tif,532,Region,2019-01-01,Pocillopora,459,3481.2,5929.7,100.38,163.5,49.4,
Plot18_2019_IMAGE.tif,533,Region,2019-01-01,Pocillopora_dead,289,847.3,5912.9,97.15,181.41,46.6,
Plot18_2019_IMAGE.tif,534,Region,2019-01-01,Pocillopora_dead,896,7252.5,6020.9,284.71,557.5,78.8,
Plot18_2019_IMAGE.tif,535,Region,2019-01-01,Pocillopora,456,4390.4,5987.8,280.71,503.78,93.7,
Plot18_2019_IMAGE.tif,536,Region,2019-01-01,Pocillopora,464,2511.7,6002.9,186.48,314.0,73.3,
Plot18_2019_IMAGE.tif,537,Region,2019-01-01,Pocillopora,463,5936.0,6006.3,266.0,464.82,72.8,
Plot18_2019_IMAGE.tif,538,Region,2019-01-01,Pocillopora_dead,899,3020.4,5949.0,48.85,102.53,34.7,
Plot18_2019_IMAGE.tif,539,Region,2019-01-01,Pocillopora,458,2317.2,6014.8,205.04,334.64,67.0,
Plot18_2019_IMAGE.tif,540,Region,2019-01-01,Pocillopora,900,1842.1,6036.5,155.78,291.9,68.7,
Plot18_2019_IMAGE.tif,541,Region,2019-01-01,Pocillopora,466,3059.7,6059.3,93.27,160.69,44.7,
Plot18_2019_IMAGE.tif,542,Region,2019-01-01,Pocillopora,462,3932.2,6035.4,43.72,75.46,32.3,
Plot18_2019_IMAGE.tif,543,Region,2019-01-01,Pocillopora_dead,896,7603.8,6054.9,59.04,116.62,38.0,
Plot18_2019_IMAGE.tif,544,Region,2019-01-01,Pocillopora_dead,762,5058.1,6135.9,352.78,671.28,94.7,
Plot18_2019_IMAGE.tif,545,Region,2019-01-01,Pocillopora,444,1643.7,6079.6,67.51,123.52,38.2,
Plot18_2019_IMAGE.tif,546,Region,2019-01-01,Pocillopora_dead,901,8096.2,6095.8,103.31,195.89,44.7,
Plot18_2019_IMAGE.tif,547,Region,2019-01-01,Acropora,471,3379.4,6169.1,297.74,463.79,90.6,
Plot18_2019_IMAGE.tif,548,Region,2019-01-01,Pocillopora,467,7046.9,6192.4,390.98,719.18,86.7,
Plot18_2019_IMAGE.tif,549,Region,2019-01-01,Pocillopora_dead,902,4429.5,6097.4,22.27,61.01,22.6,
Plot18_2019_IMAGE.tif,550,Region,2019-01-01,Pocillopora_dead,767,2095.0,6254.8,376.13,619.21,94.3,
Plot18_2019_IMAGE.tif,551,Region,2019-01-01,Pocillopora,475,929.3,6270.4,362.64,705.38,93.0,
Plot18_2019_IMAGE.tif,552,Region,2019-01-01,Pocillopora,473,1219.9,6246.3,333.43,573.04,97.4,
Plot18_2019_IMAGE.tif,553,Region,2019-01-01,Pocillopora,453,2787.9,6198.7,141.7,235.42,57.1,
Plot18_2019_IMAGE.tif,554,Region,2019-01-01,Pocillopora_dead,903,2408.5,6218.2,68.11,139.65,45.4,
Plot18_2019_IMAGE.tif,555,Region,2019-01-01,Pocillopora,474,5431.5,6295.3,309.73,623.78,121.9,
Plot18_2019_IMAGE.tif,556,Region,2019-01-01,Pocillopora_dead,762,5359.7,6259.9,66.38,149.25,56.7,
Plot18_2019_IMAGE.tif,557,Region,2019-01-01,Pocillopora_dead,904,4348.7,6377.4,513.86,945.32,99.8,
Plot18_2019_IMAGE.tif,558,Region,2019-01-01,Pocillopora_dead,905,3699.8,6214.3,41.28,64.27,28.4,
Plot18_2019_IMAGE.tif,559,Region,2019-01-01,Pocillopora,906,3727.1,6277.1,98.78,179.62,67.1,
Plot18_2019_IMAGE.tif,560,Region,2019-01-01,Pocillopora_dead,907,2592.7,6409.2,453.63,834.08,93.8,
Plot18_2019_IMAGE.tif,561,Region,2019-01-01,Pocillopora,479,3057.9,6366.5,350.34,667.18,100.7,
Plot18_2019_IMAGE.tif,562,Region,2019-01-01,Pocillopora,908,313.2,6336.3,95.55,156.69,52.7,
Plot18_2019_IMAGE.tif,563,Region,2019-01-01,Pocillopora_dead,909,5992.7,6336.2,207.35,386.62,66.0,
Plot18_2019_IMAGE.tif,564,Region,2019-01-01,Pocillopora,473,1400.6,6427.5,391.25,639.96,100.6,
Plot18_2019_IMAGE.tif,565,Region,2019-01-01,Pocillopora,480,3377.7,6322.5,106.51,196.35,49.2,
Plot18_2019_IMAGE.tif,566,Region,2019-01-01,Pocillopora_dead,762,5208.9,6396.2,117.52,240.04,59.6,
Plot18_2019_IMAGE.tif,567,Region,2019-01-01,Pocillopora,487,675.7,6404.8,208.83,389.41,63.9,
Plot18_2019_IMAGE.tif,568,Region,2019-01-01,Pocillopora,483,4089.6,6378.1,120.14,215.57,52.1,
Plot18_2019_IMAGE.tif,569,Region,2019-01-01,Pocillopora_dead,762,4994.8,6457.9,376.02,700.53,87.4,
Plot18_2019_IMAGE.tif,570,Region,2019-01-01,Pocillopora_dead,767,1826.5,6377.9,67.32,127.98,37.7,
Plot18_2019_IMAGE.tif,571,Region,2019-01-01,Pocillopora,488,1963.0,6534.2,418.76,763.99,101.3,
Plot18_2019_IMAGE.tif,572,Region,2019-01-01,Pocillopora,490,3497.2,6455.2,176.79,309.76,58.8,
Plot18_2019_IMAGE.tif,573,Region,2019-01-01,Pocillopora_dead,910,8439.3,6495.6,453.98,933.33,125.9,
Plot18_2019_IMAGE.tif,574,Region,2019-01-01,Pocillopora,476,5923.2,6509.3,377.08,751.57,110.1,
Plot18_2019_IMAGE.tif,575,Region,2019-01-01,Pocillopora,489,7132.8,6440.7,108.33,190.61,50.6,
Plot18_2019_IMAGE.tif,576,Region,2019-01-01,Pocillopora_dead,911,6205.9,6483.6,110.32,185.6,52.0,
Plot18_2019_IMAGE.tif,577,Region,2019-01-01,Pocillopora_dead,503,1061.0,6469.3,106.95,194.76,43.6,
Plot18_2019_IMAGE.tif,578,Region,2019-01-01,Pocillopora,486,6671.9,6599.7,474.25,860.52,105.6,
Plot18_2019_IMAGE.tif,579,Region,2019-01-01,Pocillopora_dead,767,1732.7,6522.0,109.04,209.76,46.5,
Plot18_2019_IMAGE.tif,580,Region,2019-01-01,Pocillopora_dead,503,849.4,6568.5,239.6,470.2,72.1,
Plot18_2019_IMAGE.tif,581,Region,2019-01-01,Pocillopora,493,3298.6,6542.1,70.72,113.79,39.8,
Plot18_2019_IMAGE.tif,582,Region,2019-01-01,Pocillopora_dead,912,7143.6,6524.9,27.56,56.65,20.8,
Plot18_2019_IMAGE.tif,583,Region,2019-01-01,Pocillopora_dead,503,308.1,6621.4,196.17,409.85,65.3,
Plot18_2019_IMAGE.tif,584,Region,2019-01-01,Pocillopora,498,5336.7,6681.2,424.38,818.51,106.2,
Plot18_2019_IMAGE.tif,585,Region,2019-01-01,Pocillopora,496,4138.6,6602.0,132.79,220.09,51.7,
Plot18_2019_IMAGE.tif,586,Region,2019-01-01,Pocillopora,501,6072.9,6736.2,228.63,419.58,97.1,
Plot18_2019_IMAGE.tif,587,Region,2019-01-01,Pocillopora,913,3753.2,6602.5,13.31,28.5,22.7,
Plot18_2019_IMAGE.tif,588,Region,2019-01-01,Pocillopora,516,1496.1,6913.1,740.0,1511.73,155.7,
Plot18_2019_IMAGE.tif,589,Region,2019-01-01,Pocillopora_dead,503,1323.5,6626.4,11.25,20.58,18.3,
Plot18_2019_IMAGE.tif,590,Region,2019-01-01,Pocillopora,779,8580.7,6727.3,146.61,289.39,63.8,
Plot18_2019_IMAGE.tif,591,Region,2019-01-01,Pocillopora_dead,782,3772.6,6772.2,140.67,274.79,77.0,
Plot18_2019_IMAGE.tif,592,Region,2019-01-01,Pocillopora,504,3903.3,6726.7,171.44,336.32,60.4,
Plot18_2019_IMAGE.tif,593,Region,2019-01-01,Pocillopora_dead,774,6219.0,6712.5,65.99,136.73,59.5,
Plot18_2019_IMAGE.tif,594,Region,2019-01-01,Pocillopora,499,2915.2,6748.2,386.38,695.33,98.2,
Plot18_2019_IMAGE.tif,595,Region,2019-01-01,Pocillopora,495,1293.8,6738.0,262.21,449.91,89.2,
Plot18_2019_IMAGE.tif,596,Region,2019-01-01,Pocillopora,504,3672.1,6722.1,95.37,183.15,52.2,
Plot18_2019_IMAGE.tif,597,Region,2019-01-01,Pocillopora_dead,762,4791.7,6754.1,280.89,550.53,84.8,
Plot18_2019_IMAGE.tif,598,Region,2019-01-01,Pocillopora,506,5488.2,6849.5,330.21,623.45,117.0,
Plot18_2019_IMAGE.tif,599,Region,2019-01-01,Pocillopora,914,4274.8,6719.4,40.57,64.85,30.5,
Plot18_2019_IMAGE.tif,600,Region,2019-01-01,Pocillopora,508,3319.5,6747.6,70.61,115.12,36.6,
Plot18_2019_IMAGE.tif,601,Region,2019-01-01,Pocillopora,611,8398.2,6757.2,67.89,135.58,45.2,
Plot18_2019_IMAGE.tif,602,Region,2019-01-01,Pocillopora_dead,782,3479.5,6780.5,89.0,165.76,41.4,
Plot18_2019_IMAGE.tif,603,Region,2019-01-01,Pocillopora_dead,782,4093.4,6870.9,345.34,514.78,90.2,
Plot18_2019_IMAGE.tif,604,Region,2019-01-01,Pocillopora,507,5787.0,6844.8,173.33,332.51,60.7,
Plot18_2019_IMAGE.tif,605,Region,2019-01-01,Pocillopora,501,6161.3,6821.5,57.23,97.21,42.1,
Plot18_2019_IMAGE.tif,606,Region,2019-01-01,Pocillopora_dead,503,899.0,6797.9,42.27,79.67,28.0,
Plot18_2019_IMAGE.tif,607,Region,2019-01-01,Pocillopora_dead,915,7667.7,6842.5,86.21,168.29,40.3,
Plot18_2019_IMAGE.tif,608,Region,2019-01-01,Pocillopora_dead,783,5605.4,6852.6,75.37,152.81,39.6,
Plot18_2019_IMAGE.tif,609,Region,2019-01-01,Pocillopora_dead,774,6093.2,6832.4,22.28,34.35,29.9,
Plot18_2019_IMAGE.tif,610,Region,2019-01-01,Pocillopora,514,6572.6,6857.1,69.32,130.47,39.5,
Plot18_2019_IMAGE.tif,611,Region,2019-01-01,Pocillopora_dead,503,319.0,6921.0,247.25,514.11,71.4,
Plot18_2019_IMAGE.tif,612,Region,2019-01-01,Pocillopora_dead,916,6477.8,6867.1,41.02,85.73,31.3,
Plot18_2019_IMAGE.tif,613,Region,2019-01-01,Pocillopora_dead,782,3470.5,7053.8,568.58,1043.12,124.6,
Plot18_2019_IMAGE.tif,614,Region,2019-01-01,Pocillopora,917,7942.1,6889.6,48.97,91.04,34.8,
Plot18_2019_IMAGE.tif,615,Region,2019-01-01,Pocillopora_dead,503,553.3,7050.1,543.54,991.81,105.6,
Plot18_2019_IMAGE.tif,616,Region,2019-01-01,Pocillopora,517,3712.0,6946.3,152.04,279.93,60.2,
Plot18_2019_IMAGE.tif,617,Region,2019-01-01,Pocillopora,918,7502.7,6899.0,20.6,40.57,23.5,
Plot18_2019_IMAGE.tif,618,Region,2019-01-01,Pocillopora_dead,784,7584.4,6994.8,185.6,344.42,86.0,
Plot18_2019_IMAGE.tif,619,Region,2019-01-01,Pocillopora,519,6727.4,7004.8,272.08,531.82,78.9,
Plot18_2019_IMAGE.tif,620,Region,2019-01-01,Pocillopora_dead,539,6940.8,7003.5,191.99,397.47,74.4,
Plot18_2019_IMAGE.tif,621,Region,2019-01-01,Pocillopora,527,4759.7,7004.9,175.05,339.17,74.7,
Plot18_2019_IMAGE.tif,622,Region,2019-01-01,Pocillopora_dead,774,6213.9,6977.8,153.13,273.58,60.2,
Plot18_2019_IMAGE.tif,623,Region,2019-01-01,Pocillopora,786,2756.9,6920.2,22.75,31.7,23.1,
Plot18_2019_IMAGE.tif,624,Region,2019-01-01,Pocillopora_dead,787,2719.8,6967.1,66.68,115.22,47.5,
Plot18_2019_IMAGE.tif,625,Region,2019-01-01,Pocillopora,919,824.9,6943.0,35.67,57.38,28.9,
Plot18_2019_IMAGE.tif,626,Region,2019-01-01,Pocillopora,614,2867.4,6975.7,64.8,102.85,39.9,
Plot18_2019_IMAGE.tif,627,Region,2019-01-01,Pocillopora,785,6021.1,6932.2,23.37,45.94,31.6,
Plot18_2019_IMAGE.tif,628,Region,2019-01-01,Pocillopora,526,8102.0,6976.9,96.66,203.26,49.6,
Plot18_2019_IMAGE.tif,629,Region,2019-01-01,Pocillopora_dead,920,2962.8,6965.4,34.59,47.49,26.3,
Plot18_2019_IMAGE.tif,630,Region,2019-01-01,Pocillopora,518,3243.3,7054.1,193.49,375.42,62.6,
Plot18_2019_IMAGE.tif,631,Region,2019-01-01,Pocillopora_dead,774,6371.0,6985.9,37.29,57.6,28.1,
Plot18_2019_IMAGE.tif,632,Region,2019-01-01,Pocillopora,616,2595.6,7085.0,265.86,492.25,81.1,
Plot18_2019_IMAGE.tif,633,Region,2019-01-01,Pocillopora_dead,789,8372.0,7027.9,113.87,203.76,48.4,
Plot18_2019_IMAGE.tif,634,Region,2019-01-01,Pocillopora,531,4878.9,7045.4,98.59,171.62,45.2,
Plot18_2019_IMAGE.tif,635,Region,2019-01-01,Pocillopora,613,8606.1,7015.6,44.64,72.49,31.1,
Plot18_2019_IMAGE.tif,636,Region,2019-01-01,Pocillopora,532,4394.4,7032.5,57.81,101.08,33.7,
Plot18_2019_IMAGE.tif,637,Region,2019-01-01,Pocillopora_dead,794,8103.7,7111.4,196.83,369.58,74.7,
Plot18_2019_IMAGE.tif,638,Region,2019-01-01,Pocillopora_dead,762,5039.6,7156.1,346.38,742.88,99.8,
Plot18_2019_IMAGE.tif,639,Region,2019-01-01,Pocillopora,528,6310.5,7096.1,91.54,147.67,52.2,
Plot18_2019_IMAGE.tif,640,Region,2019-01-01,Pocillopora,535,1086.4,7141.2,231.17,389.88,70.7,
Plot18_2019_IMAGE.tif,641,Region,2019-01-01,Pocillopora,538,877.0,7267.8,446.79,842.06,151.4,
Plot18_2019_IMAGE.tif,642,Region,2019-01-01,Pocillopora_dead,782,4085.4,7252.8,628.77,1128.12,120.9,
Plot18_2019_IMAGE.tif,643,Region,2019-01-01,Pocillopora,526,7942.8,7189.3,190.83,345.85,61.2,
Plot18_2019_IMAGE.tif,644,Region,2019-01-01,Pocillopora_dead,782,4284.4,7142.1,76.85,154.65,52.1,
Plot18_2019_IMAGE.tif,645,Region,2019-01-01,Pocillopora,155,8317.1,7203.4,201.23,348.98,64.8,
Plot18_2019_IMAGE.tif,646,Region,2019-01-01,Pocillopora,542,6685.8,7262.1,319.53,595.57,82.0,
Plot18_2019_IMAGE.tif,647,Region,2019-01-01,Pocillopora_dead,921,7000.9,7251.7,224.87,396.41,86.0,
Plot18_2019_IMAGE.tif,648,Region,2019-01-01,Pocillopora,795,2425.6,7188.7,49.6,94.3,32.3,
Plot18_2019_IMAGE.tif,649,Region,2019-01-01,Pocillopora,545,1932.1,7218.4,87.68,153.8,44.6,
Plot18_2019_IMAGE.tif,650,Region,2019-01-01,Pocillopora,544,7732.1,7265.8,169.54,325.03,57.4,
Plot18_2019_IMAGE.tif,651,Region,2019-01-01,Pocillopora_dead,803,6110.1,7303.5,127.11,252.49,58.3,
Plot18_2019_IMAGE.tif,652,Region,2019-01-01,Pocillopora,540,4323.0,7235.9,66.61,114.14,37.1,
Plot18_2019_IMAGE.tif,653,Region,2019-01-01,Pocillopora_dead,503,457.7,7338.6,291.67,554.73,89.0,
Plot18_2019_IMAGE.tif,654,Region,2019-01-01,Pocillopora,798,6448.1,7264.5,34.44,54.18,26.0,
Plot18_2019_IMAGE.tif,655,Region,2019-01-01,Pocillopora_dead,503,885.5,7249.5,25.71,44.74,27.3,
Plot18_2019_IMAGE.tif,656,Region,2019-01-01,Pocillopora,799,2781.8,7288.3,64.57,108.39,35.7,
Plot18_2019_IMAGE.tif,657,Region,2019-01-01,Pocillopora,800,5722.6,7298.8,59.95,104.13,35.1,
Plot18_2019_IMAGE.tif,658,Region,2019-01-01,Pocillopora_dead,922,7439.3,7271.3,66.08,115.68,36.6,
Plot18_2019_IMAGE.tif,659,Region,2019-01-01,Pocillopora,549,3655.4,7339.3,152.56,276.79,62.4,
Plot18_2019_IMAGE.tif,660,Region,2019-01-01,Pocillopora,554,2386.2,7439.4,320.24,584.16,109.1,
Plot18_2019_IMAGE.tif,661,Region,2019-01-01,Pocillopora_dead,921,7164.6,7393.7,266.35,525.88,76.7,
Plot18_2019_IMAGE.tif,662,Region,2019-01-01,Pocillopora,551,1655.6,7470.8,634.34,1258.34,131.3,
Plot18_2019_IMAGE.tif,663,Region,2019-01-01,Pocillopora,546,2647.9,7352.5,65.36,126.83,39.0,
Plot18_2019_IMAGE.tif,664,Region,2019-01-01,Pocillopora_dead,923,2486.8,7322.3,14.66,30.04,16.8,
Plot18_2019_IMAGE.tif,665,Region,2019-01-01,Pocillopora,556,7564.2,7347.7,32.6,48.6,25.6,
Plot18_2019_IMAGE.tif,666,Region,2019-01-01,Pocillopora,558,3444.9,7391.2,103.67,190.97,49.8,
Plot18_2019_IMAGE.tif,668,Region,2019-01-01,Pocillopora,543,6908.7,7502.9,302.58,647.36,84.3,
Plot18_2019_IMAGE.tif,669,Region,2019-01-01,Pocillopora,559,306.9,7421.5,62.02,122.24,43.4,
Plot18_2019_IMAGE.tif,670,Region,2019-01-01,Pocillopora,617,7319.1,7416.5,35.95,60.23,26.6,
Plot18_2019_IMAGE.tif,671,Region,2019-01-01,Pocillopora,560,3854.3,7486.8,160.61,280.32,61.1,
Plot18_2019_IMAGE.tif,672,Region,2019-01-01,Pocillopora_dead,923,2553.6,7466.2,58.48,107.14,37.2,
Plot18_2019_IMAGE.tif,673,Region,2019-01-01,Pocillopora,558,3546.7,7544.8,316.43,574.4,82.7,
Plot18_2019_IMAGE.tif,674,Region,2019-01-01,Pocillopora_dead,924,5972.0,7473.4,46.4,89.75,30.2,
Plot18_2019_IMAGE.tif,675,Region,2019-01-01,Pocillopora,618,4872.1,7541.1,153.65,238.62,59.6,
Plot18_2019_IMAGE.tif,676,Region,2019-01-01,Acropora,561,7371.7,7586.4,297.93,402.73,79.9,
Plot18_2019_IMAGE.tif,677,Region,2019-01-01,Pocillopora_dead,503,429.7,7742.3,814.58,1620.34,144.9,
Plot18_2019_IMAGE.tif,678,Region,2019-01-01,Pocillopora_dead,503,292.5,7513.2,46.91,91.23,36.3,
Plot18_2019_IMAGE.tif,679,Region,2019-01-01,Pocillopora,925,2175.6,7514.5,28.91,50.17,26.3,
Plot18_2019_IMAGE.tif,680,Region,2019-01-01,Pocillopora_dead,923,2689.4,7754.8,676.58,1314.6,119.8,
Plot18_2019_IMAGE.tif,681,Region,2019-01-01,Pocillopora,558,3347.2,7597.2,54.65,100.28,40.1,
Plot18_2019_IMAGE.tif,682,Region,2019-01-01,Pocillopora,619,4557.6,7611.5,173.58,326.61,58.8,
Plot18_2019_IMAGE.tif,683,Region,2019-01-01,Pocillopora_dead,568,2178.5,7753.8,493.03,938.38,113.5,
Plot18_2019_IMAGE.tif,684,Region,2019-01-01,Pocillopora,620,5740.6,7689.6,253.34,512.89,72.9,
Plot18_2019_IMAGE.tif,685,Region,2019-01-01,Pocillopora,567,872.6,7714.1,295.05,595.36,76.4,
Plot18_2019_IMAGE.tif,686,Region,2019-01-01,Pocillopora_dead,926,3664.1,7656.5,71.54,103.89,39.8,
Plot18_2019_IMAGE.tif,687,Region,2019-01-01,Pocillopora,566,2445.6,7649.9,61.21,121.12,34.2,
Plot18_2019_IMAGE.tif,688,Region,2019-01-01,Pocillopora_dead,927,7507.9,7795.8,352.27,578.09,102.3,
Plot18_2019_IMAGE.tif,689,Region,2019-01-01,Pocillopora_dead,928,4860.0,7725.2,83.77,153.09,40.2,
Plot18_2019_IMAGE.tif,690,Region,2019-01-01,Pocillopora,621,8639.4,7735.8,68.12,148.08,37.6,
Plot18_2019_IMAGE.tif,691,Region,2019-01-01,Pocillopora,558,3426.8,7772.2,213.93,422.04,81.8,
Plot18_2019_IMAGE.tif,692,Region,2019-01-01,Pocillopora,571,4184.1,7770.5,182.2,301.17,69.5,
Plot18_2019_IMAGE.tif,693,Region,2019-01-01,Acropora,584,1180.6,7766.2,125.05,188.0,52.0,
Plot18_2019_IMAGE.tif,694,Region,2019-01-01,Pocillopora,929,4923.2,7877.5,317.43,567.57,115.5,
Plot18_2019_IMAGE.tif,695,Region,2019-01-01,Pocillopora_dead,573,6888.4,7881.0,189.2,329.94,63.3,
Plot18_2019_IMAGE.tif,696,Region,2019-01-01,Pocillopora_dead,930,7289.1,7825.0,28.59,47.94,24.2,
Plot18_2019_IMAGE.tif,697,Region,2019-01-01,Pocillopora,572,5796.9,7885.7,165.0,243.45,60.0,
Plot18_2019_IMAGE.tif,698,Region,2019-01-01,Pocillopora,575,1924.4,8020.6,681.51,1295.7,133.4,
Plot18_2019_IMAGE.tif,699,Region,2019-01-01,Pocillopora_dead,931,3367.1,7837.6,42.88,71.75,31.0,
Plot18_2019_IMAGE.tif,700,Region,2019-01-01,Pocillopora,558,3279.4,7878.2,42.43,76.53,39.0,
Plot18_2019_IMAGE.tif,701,Region,2019-01-01,Pocillopora,622,8442.6,7934.4,111.0,208.05,51.6,
Plot18_2019_IMAGE.tif,702,Region,2019-01-01,Pocillopora,576,585.1,7960.5,125.78,286.44,56.5,
Plot18_2019_IMAGE.tif,703,Region,2019-01-01,Pocillopora,579,7229.2,7915.6,93.03,166.93,44.2,
Plot18_2019_IMAGE.tif,704,Region,2019-01-01,Pocillopora,578,2391.5,7939.5,79.48,140.91,46.5,
Plot18_2019_IMAGE.tif,705,Region,2019-01-01,Pocillopora,932,7585.3,7961.8,34.6,69.19,28.7,
Plot18_2019_IMAGE.tif,706,Region,2019-01-01,Pocillopora,581,3373.6,7996.9,72.27,143.25,41.8,
Plot18_2019_IMAGE.tif,707,Region,2019-01-01,Pocillopora,581,3278.1,8101.9,200.07,389.98,70.6,
Plot18_2019_IMAGE.tif,708,Region,2019-01-01,Pocillopora_dead,573,7167.9,8056.5,151.05,303.34,56.1,
Plot18_2019_IMAGE.tif,709,Region,2019-01-01,Pocillopora,583,2581.9,8104.2,160.38,283.08,63.0,
Plot18_2019_IMAGE.tif,710,Region,2019-01-01,Pocillopora,585,3115.7,8086.1,67.77,116.4,39.3,
Plot18_2019_IMAGE.tif,711,Region,2019-01-01,Pocillopora,933,4477.1,8062.8,62.77,112.26,47.6,
Plot18_2019_IMAGE.tif,712,Region,2019-01-01,Pocillopora_dead,934,5499.1,8109.2,143.14,285.61,74.1,
Plot18_2019_IMAGE.tif,713,Region,2019-01-01,Pocillopora,586,2862.1,8167.0,161.38,316.0,58.3,
Plot18_2019_IMAGE.tif,714,Region,2019-01-01,Pocillopora_dead,935,4594.6,8151.2,212.81,467.2,78.4,
Plot18_2019_IMAGE.tif,715,Region,2019-01-01,Pocillopora,587,2203.8,8141.0,26.75,41.76,26.3,
Plot18_2019_IMAGE.tif,716,Region,2019-01-01,Pocillopora_dead,936,1369.3,8146.9,61.64,89.07,35.9,
Plot18_2019_IMAGE.tif,717,Region,2019-01-01,Pocillopora,626,1484.6,8172.6,69.05,130.91,37.3,
Plot18_2019_IMAGE.tif,718,Region,2019-01-01,Pocillopora,812,2411.2,8160.7,48.83,91.08,33.6,
Plot18_2019_IMAGE.tif,719,Region,2019-01-01,Pocillopora_dead,811,330.4,8187.8,62.66,106.81,38.5,
Plot18_2019_IMAGE.tif,720,Region,2019-01-01,Pocillopora_dead,937,834.7,8200.8,55.06,109.21,34.1,
Plot18_2019_IMAGE.tif,721,Region,2019-01-01,Pocillopora_dead,938,656.6,8191.7,27.8,62.18,27.4,
Plot18_2019_IMAGE.tif,722,Region,2019-01-01,Pocillopora,590,707.6,8261.7,85.97,150.47,44.3,
Plot18_2019_IMAGE.tif,723,Region,2019-01-01,Pocillopora_dead,939,2257.7,8253.0,365.67,730.96,146.3,
Plot18_2019_IMAGE.tif,724,Region,2019-01-01,Acropora,114,932.5,1452.9,72.01,112.96,58.7,
Plot18_2019_IMAGE.tif,725,Region,2019-01-01,Pocillopora,624,1274.8,8053.6,100.48,152.18,45.0,
Plot18_2019_IMAGE.tif,40,Region,2019-01-01,Pocillopora_dead,0,6857.9,247.0,222.75,425.59,67.4,
Plot18_2019_IMAGE.tif,5,Region,2019-01-01,Pocillopora,5,6961.9,434.8,509.87,1000.05,138.8,
Plot18_2019_IMAGE.tif,726,Region,2019-01-01,Pocillopora,940,3615.2,863.4,6.5,9.81,9.7,
Plot18_2019_IMAGE.tif,727,Region,2019-01-01,Pocillopora,648,443.4,1180.1,24.4,47.16,21.4,
Plot18_2019_IMAGE.tif,728,Region,2019-01-01,Pocillopora,941,381.7,1100.7,9.54,16.9,12.3,
Plot18_2019_IMAGE.tif,136,Region,2019-01-01,Pocillopora,133,6627.7,1695.0,176.77,309.64,62.3,
Plot18_2019_IMAGE.tif,729,Region,2019-01-01,Pocillopora,133,6649.7,1847.8,82.11,142.11,44.4,
Plot18_2019_IMAGE.tif,730,Region,2019-01-01,Pocillopora,182,7739.9,2051.2,100.75,189.11,64.7,
Plot18_2019_IMAGE.tif,178,Region,2019-01-01,Pocillopora_dead,186,7601.3,2157.2,121.68,239.25,58.3,
Plot18_2019_IMAGE.tif,731,Region,2019-01-01,Pocillopora_dead,942,7745.0,2182.3,23.14,32.35,20.2,
Plot18_2019_IMAGE.tif,732,Region,2019-01-01,Pocillopora,943,1761.3,2137.3,58.22,129.29,38.0,
Plot18_2019_IMAGE.tif,197,Region,2019-01-01,Pocillopora,184,1798.9,2298.0,71.72,126.44,48.1,
Plot18_2019_IMAGE.tif,733,Region,2019-01-01,Pocillopora_dead,944,701.6,7377.6,47.6,83.87,32.0,
Plot18_2019_IMAGE.tif,667,Region,2019-01-01,Pocillopora,555,723.4,7499.0,129.89,237.78,62.1,
Plot18_2019_IMAGE.tif,734,Region,2019-01-01,Pocillopora,945,3744.6,7707.5,19.51,48.9,20.1,
Plot18_2019_IMAGE.tif,735,Region,2019-01-01,Pocillopora,946,6601.6,8050.5,35.19,68.62,23.9,
